/*
Navicat MySQL Data Transfer

Source Server         : lh
Source Server Version : 50561
Source Host           : localhost:3306
Source Database       : calc

Target Server Type    : MYSQL
Target Server Version : 50561
File Encoding         : 65001

Date: 2018-10-26 16:51:09
*/

SET FOREIGN_KEY_CHECKS=0;

-- ----------------------------
-- Table structure for calc_rel
-- ----------------------------
DROP TABLE IF EXISTS `calc_rel`;
CREATE TABLE `calc_rel` (
  `CALC_REL_CODE` varchar(60) NOT NULL COMMENT '计算关系ID',
  `CALC_REL_NAME` varchar(60) NOT NULL DEFAULT '' COMMENT '计算关系名称',
  `CALC_REL_CATE` varchar(60) NOT NULL DEFAULT '' COMMENT '会计要素',
  `IS_FINANCE_CHECK` tinyint(4) DEFAULT NULL COMMENT '是否参与财务效验',
  PRIMARY KEY (`CALC_REL_CODE`)
) ENGINE=InnoDB DEFAULT CHARSET=utf8;

-- ----------------------------
-- Records of calc_rel
-- ----------------------------
INSERT INTO `calc_rel` VALUES ('cracqu', '待取发票', '发票', '0');
INSERT INTO `calc_rel` VALUES ('crbrrw', '贷料', '往来', '1');
INSERT INTO `calc_rel` VALUES ('crcash', '资金', '资产', '1');
INSERT INTO `calc_rel` VALUES ('crcbal', '借贷款', '资产', '1');
INSERT INTO `calc_rel` VALUES ('crclnt', '客户', '往来', '1');
INSERT INTO `calc_rel` VALUES ('crcptl', '股本', '股本', '1');
INSERT INTO `calc_rel` VALUES ('crempl', '员工', '往来', '1');
INSERT INTO `calc_rel` VALUES ('crexpn', '支出费用', '支出', '1');
INSERT INTO `calc_rel` VALUES ('crgvrn', '税项', '往来', '1');
INSERT INTO `calc_rel` VALUES ('crinvn', '存货', '存货', '1');
INSERT INTO `calc_rel` VALUES ('crissu', '待开发票', '发票', '0');
INSERT INTO `calc_rel` VALUES ('crniwh', '待入库采购存货', '存货', '0');
INSERT INTO `calc_rel` VALUES ('crnows', '待出库销售存货', '存货', '0');
INSERT INTO `calc_rel` VALUES ('crslct', '销售成本', '支出', '1');
INSERT INTO `calc_rel` VALUES ('crslin', '销售收入', '收入', '1');
INSERT INTO `calc_rel` VALUES ('crsppl', '供应商', '往来', '1');
INSERT INTO `calc_rel` VALUES ('crunph', '待采购存货', '存货', '0');
INSERT INTO `calc_rel` VALUES ('crunpr', '待加工存货', '存货', '0');

-- ----------------------------
-- Table structure for c_calc_field
-- ----------------------------
DROP TABLE IF EXISTS `c_calc_field`;
CREATE TABLE `c_calc_field` (
  `ID` varchar(60) NOT NULL,
  `CALC_FIELD_NAME` varchar(60) NOT NULL DEFAULT '' COMMENT '计算名称',
  `CALC_FIELD_TYPE` tinyint(4) NOT NULL COMMENT '字段类型',
  `MAPPING_FIELD_NAME` varchar(60) NOT NULL DEFAULT '' COMMENT '数据库映射字段',
  `TITLE` varchar(60) NOT NULL DEFAULT '',
  PRIMARY KEY (`ID`)
) ENGINE=InnoDB DEFAULT CHARSET=utf8;

-- ----------------------------
-- Records of c_calc_field
-- ----------------------------
INSERT INTO `c_calc_field` VALUES ('FIELD000000000000000001', 'transCode', '1', 'TRANS_CODE', '交易号');
INSERT INTO `c_calc_field` VALUES ('FIELD000000000000000002', 'transType', '1', 'TRANS_TYPE', '交易类型');
INSERT INTO `c_calc_field` VALUES ('FIELD000000000000000003', 'calcRelCode', '1', 'CALC_REL_CODE', '计算关系');
INSERT INTO `c_calc_field` VALUES ('FIELD000000000000000004', 'transObjCode', '2', 'TRANS_OBJ_CODE', '存货编码');
INSERT INTO `c_calc_field` VALUES ('FIELD000000000000000005', 'containerCode', '2', 'CONTAINER_CODE', '存货仓库编码');
INSERT INTO `c_calc_field` VALUES ('FIELD000000000000000006', 'dealerCode', '2', 'DEALER_CODE', '往来编码');
INSERT INTO `c_calc_field` VALUES ('FIELD000000000000000007', 'checkDirection', '1', 'CHECK_DIRECTION', '计算方向');
INSERT INTO `c_calc_field` VALUES ('FIELD000000000000000008', 'matchDirection', '1', 'MATCH_DIRECTION', '核销方向');
INSERT INTO `c_calc_field` VALUES ('FIELD000000000000000009', 'entityId', '1', 'ENTITY_ID', '交易主体');
INSERT INTO `c_calc_field` VALUES ('FIELD000000000000000010', 'transMatchedSeq', '1', 'TRANS_MATCHED_SEQ', '核销序号');
INSERT INTO `c_calc_field` VALUES ('FIELD000000000000000011', 'qty', '3', 'QTY', '数量');
INSERT INTO `c_calc_field` VALUES ('FIELD000000000000000012', 'qtyWaterBal', '3', 'QTY_WATER_BAL', '流水数量余额');
INSERT INTO `c_calc_field` VALUES ('FIELD000000000000000013', 'qtyLocked', '4', 'QTY_LOCKED', '被锁定数量');
INSERT INTO `c_calc_field` VALUES ('FIELD000000000000000014', 'qtyTbMatched', '3', 'QTY_TB_MATCHED', '数量可被核销余额');
INSERT INTO `c_calc_field` VALUES ('FIELD000000000000000015', 'amount', '3', 'AMOUNT', '金额');
INSERT INTO `c_calc_field` VALUES ('FIELD000000000000000016', 'amntWaterBal', '3', 'AMNT_WATER_BAL', '流水余额');
INSERT INTO `c_calc_field` VALUES ('FIELD000000000000000017', 'amntTbMatched', '3', 'AMNT_TB_MATCHED', '金额可被核销余额');
INSERT INTO `c_calc_field` VALUES ('FIELD000000000000000018', 'amntLocked', '4', 'AMNT_LOCKED', '被锁定金额');
INSERT INTO `c_calc_field` VALUES ('FIELD000000000000000019', 'batchNo', '1', 'BATCH_NO', '批次号');
INSERT INTO `c_calc_field` VALUES ('FIELD000000000000000020', 'batchTime', '1', 'BATCH_TIME', '批次时间');
INSERT INTO `c_calc_field` VALUES ('FIELD000000000000000021', 'transMatchedCode', '1', 'TRANS_MATCHED_CODE', '被核销交易号');
INSERT INTO `c_calc_field` VALUES ('FIELD000000000000000022', 'isFinanceCheck', '1', 'IS_FINANCE_CHECK', '是否参与财务效验');
INSERT INTO `c_calc_field` VALUES ('FIELD000000000000000023', 'transDetailId', '1', 'TRANS_DETAIL_ID', '交易明细ID');
INSERT INTO `c_calc_field` VALUES ('FIELD000000000000000024', 'transMatchedDetailId', '1', 'TRANS_MATCHED_DETAIL_ID', '被核销明细ID');
INSERT INTO `c_calc_field` VALUES ('FIELD000000000000000025', 'effectiveTime', '1', 'EFFECTIVE_TIME', '生效时间');
INSERT INTO `c_calc_field` VALUES ('FIELD000000000000000026', 'id', '1', 'ID', '计算表主键ID');

-- ----------------------------
-- Table structure for c_component
-- ----------------------------
DROP TABLE IF EXISTS `c_component`;
CREATE TABLE `c_component` (
  `ID` varchar(60) NOT NULL COMMENT '计算组件ID',
  `COMPONENT_CODE` varchar(60) NOT NULL COMMENT '计算组件编码',
  `COMPONENT_NAME` varchar(60) NOT NULL DEFAULT '' COMMENT '计算组件名称',
  `ENTITY_ID` varchar(60) NOT NULL DEFAULT '' COMMENT '主体ID',
  `CALC_REL_CODE` varchar(60) NOT NULL DEFAULT '' COMMENT '计算关系ID',
  `DATA_COLLECTOR_ID` varchar(60) NOT NULL DEFAULT '' COMMENT '数据获取器ID',
  `CHECK_DIRECTION` tinyint(4) DEFAULT NULL COMMENT '计算方向',
  `IS_LOCK` tinyint(4) NOT NULL DEFAULT '0' COMMENT '是否锁库',
  `MATCH_DIRECTION` tinyint(4) DEFAULT NULL COMMENT '核销方向',
  `IS_ALLOWED_NEGATIVE` tinyint(4) DEFAULT NULL COMMENT '是否允许负库存',
  `CALC_FIELD` varchar(100) DEFAULT NULL COMMENT '计算字段',
  PRIMARY KEY (`ID`)
) ENGINE=InnoDB DEFAULT CHARSET=utf8;

-- ----------------------------
-- Records of c_component
-- ----------------------------
INSERT INTO `c_component` VALUES ('006E2B6C240149DCBAF7ECA39', '006E2B6C240149DCBAF7ECA39', '待出库销售存货-核销方', 'ENTITY00000000', 'crnows', '34667859-e', '-1', '-1', '-1', '1', 'qty');
INSERT INTO `c_component` VALUES ('049DA5974B1043BBA621911F9', '049DA5974B1043BBA621911F9', '客户往来-被核销方', 'ENTITY00000000', 'crclnt', 'ef38fec8-a', '1', '-1', '1', '1', 'amount');
INSERT INTO `c_component` VALUES ('07323332512A43C997ED2F9F5', '07323332512A43C997ED2F9F5', '待开发票-被核销方', 'ENTITY00000000', 'crissu', 'ef38fec8-a', '1', '-1', '1', '1', 'amount');
INSERT INTO `c_component` VALUES ('1026DE7120474E8C9ABF1D3B5', '1026DE7120474E8C9ABF1D3B5', '待取发票-核销方', 'ENTITY00000000', 'cracqu', 'c491413f-0', '-1', '-1', '-1', '1', 'amount');
INSERT INTO `c_component` VALUES ('112DB5C38B8041C098A761353', '112DB5C38B8041C098A761353', '待出库销售存货-被核销方', 'ENTITY00000000', 'crnows', '1b4b8574-5', '1', '-1', '1', '1', 'qty');
INSERT INTO `c_component` VALUES ('19814ABDA5DD434085258666F', '19814ABDA5DD434085258666F', '销售收入-负', 'ENTITY00000000', 'crslin', '', '-1', '-1', '0', '1', 'amount');
INSERT INTO `c_component` VALUES ('22CC8AA1CFC1437681542471F', '22CC8AA1CFC1437681542471F', '待入库采购存货-核销方', 'ENTITY00000000', 'crniwh', '34667859-e', '-1', '-1', '-1', '1', 'qty');
INSERT INTO `c_component` VALUES ('2BAFBEB09A20431BB475E9611', '2BAFBEB09A20431BB475E9611', '销售成本-正', 'ENTITY00000000', 'crslct', '', '1', '-1', '0', '1', 'amount');
INSERT INTO `c_component` VALUES ('451DCBCB11594C9E9FE5238E8', '451DCBCB11594C9E9FE5238E8', '销售收入-正', 'ENTITY00000000', 'crslin', '', '1', '-1', '0', '1', 'amount');
INSERT INTO `c_component` VALUES ('6715DB8A543D4BBB922F46F58', '6715DB8A543D4BBB922F46F58', '税项-正', 'ENTITY00000000', 'crgvrn', '', '1', '-1', '0', '1', 'amount');
INSERT INTO `c_component` VALUES ('78650F4A435B49CFAB46C3CC7', '78650F4A435B49CFAB46C3CC7', '待采购存货-核销方', 'ENTITY00000000', 'crunph', '34667859-e', '-1', '-1', '-1', '1', 'qty');
INSERT INTO `c_component` VALUES ('7A960ABE518741DB963552E6E', '7A960ABE518741DB963552E6E', '待开发票-核销方', 'ENTITY00000000', 'crissu', 'c491413f-0', '-1', '-1', '-1', '1', 'amount');
INSERT INTO `c_component` VALUES ('7D6E30A2559A4552805FBDAF5', '7D6E30A2559A4552805FBDAF5', '待采购存货-被核销方', 'ENTITY00000000', 'crunph', '1b4b8574-5', '1', '-1', '1', '1', 'qty');
INSERT INTO `c_component` VALUES ('7E024C408F384FE89B307FECD', '7E024C408F384FE89B307FECD', '待入库采购存货-被核销方', 'ENTITY00000000', 'crniwh', '1b4b8574-5', '1', '-1', '1', '1', 'qty');
INSERT INTO `c_component` VALUES ('9457AF830723463F83EF9A8CF', '9457AF830723463F83EF9A8CF', '供应商-核销方', 'ENTITY00000000', 'crsppl', '1510239c-d', '1', '-1', '-1', '1', 'amount');
INSERT INTO `c_component` VALUES ('A7E853459EDD49498D02CB843', 'A7E853459EDD49498D02CB843', '待加工存货-被核销方', 'ENTITY00000000', 'crunpr', '1b4b8574-5', '1', '-1', '1', '1', 'qty');
INSERT INTO `c_component` VALUES ('B0F2F09D80B44170A625B23E6', 'B0F2F09D80B44170A625B23E6', '支出费用-正', 'ENTITY00000000', 'crexpn', '', '1', '-1', '0', '1', 'amount');
INSERT INTO `c_component` VALUES ('CCA0BBE877E74044B1BC545F7', 'CCA0BBE877E74044B1BC545F7', '存货-出', 'ENTITY00000000', 'crinvn', 'b11bebec-9', '-1', '1', '-1', '1', 'qty,amount');
INSERT INTO `c_component` VALUES ('D228B04B93FB4BCF85DE8A67C', 'D228B04B93FB4BCF85DE8A67C', '客户往来-核销方', 'ENTITY00000000', 'crclnt', 'c491413f-0', '-1', '-1', '-1', '1', 'amount');
INSERT INTO `c_component` VALUES ('D31C8B2EDF3F41248B1CE7845', 'D31C8B2EDF3F41248B1CE7845', '存货-入', 'ENTITY00000000', 'crinvn', '04dfe0e8-4', '1', '-1', '1', '1', 'qty,amount');
INSERT INTO `c_component` VALUES ('D6B11164EFD8483E86B791246', 'D6B11164EFD8483E86B791246', '待取发票-被核销方', 'ENTITY00000000', 'cracqu', 'ef38fec8-a', '1', '-1', '1', '1', 'amount');
INSERT INTO `c_component` VALUES ('E20988DB8FB24FD8914D84043', 'E20988DB8FB24FD8914D84043', '供应商-被核销方', 'ENTITY00000000', 'crsppl', '30ccc188-8', '-1', '-1', '1', '1', 'amount');
INSERT INTO `c_component` VALUES ('F5EBC9FEBC454AAE920814924', 'F5EBC9FEBC454AAE920814924', '税项-负', 'ENTITY00000000', 'crgvrn', '', '-1', '-1', '0', '1', 'amount');
INSERT INTO `c_component` VALUES ('F927B74FEBC440EAB0C5562C7', 'F927B74FEBC440EAB0C5562C7', '销售成本-负', 'ENTITY00000000', 'crslct', '', '-1', '-1', '0', '1', 'amount');

-- ----------------------------
-- Table structure for c_com_field_exp_rel
-- ----------------------------
DROP TABLE IF EXISTS `c_com_field_exp_rel`;
CREATE TABLE `c_com_field_exp_rel` (
  `ID` varchar(60) NOT NULL,
  `COMPONENT_CODE` varchar(60) NOT NULL DEFAULT '' COMMENT '计算组件ID',
  `CALC_FIELD_ID` varchar(60) NOT NULL DEFAULT '' COMMENT '计算字段ID',
  `FG_CODE` varchar(60) DEFAULT NULL COMMENT '字段绑定给流程是为了区分开同一交易类型不同明细添加一模一样的计算组件',
  `EXP_ID` varchar(60) NOT NULL DEFAULT '' COMMENT '表达式ID',
  `TRANS_TYPE` varchar(60) NOT NULL DEFAULT '' COMMENT '交易类型',
  `IS_PRIMARY` tinyint(4) NOT NULL DEFAULT '0' COMMENT '是否是主计算字段(0不是主，1是)',
  `IS_FIRST` tinyint(4) NOT NULL DEFAULT '0' COMMENT '是否是第一次配置，为了在往后的配置中做复用',
  `REMARK` varchar(60) DEFAULT '' COMMENT '字段描述',
  PRIMARY KEY (`ID`)
) ENGINE=InnoDB DEFAULT CHARSET=utf8;

-- ----------------------------
-- Records of c_com_field_exp_rel
-- ----------------------------
INSERT INTO `c_com_field_exp_rel` VALUES ('011D33C1A69540DA8BEE246F9', 'F5EBC9FEBC454AAE920814924', 'FIELD000000000000000017', 'fggvts', '549E8A0B1A6B49E0A035FFC4B', 'tssalsin', '1', '1', '金额可被核销余额');
INSERT INTO `c_com_field_exp_rel` VALUES ('0186D4683B84447BAB5C17495', 'CCA0BBE877E74044B1BC545F7', 'FIELD000000000000000012', 'fgewio', '58D139E498484FE78B60FD509', 'tspcrtin', '1', '0', '');
INSERT INTO `c_com_field_exp_rel` VALUES ('02095C26AAB148FA9507CAEF3', 'CCA0BBE877E74044B1BC545F7', 'FIELD000000000000000016', 'fgewio', '274E8D3212BF4B4AB92BCEF0B', 'tssalsin', '0', '1', '流水余额');
INSERT INTO `c_com_field_exp_rel` VALUES ('03074D1ED63C460E834B95DE9', '7A960ABE518741DB963552E6E', 'FIELD000000000000000015', 'fgewii', 'A9B73E63AA9C42009C80475C0', 'tsslrtin', '0', '1', '金额');
INSERT INTO `c_com_field_exp_rel` VALUES ('051CED2FC59D47FEA8E36C011', 'F5EBC9FEBC454AAE920814924', 'FIELD000000000000000015', 'fggvts', 'B05AE07214EF4BE1AC756491B', 'tspcrtin', '0', '0', '');
INSERT INTO `c_com_field_exp_rel` VALUES ('05C6B86034284980A118F8346', '7D6E30A2559A4552805FBDAF5', 'FIELD000000000000000004', 'fgints', 'EXPRESSION00000000000000014', 'tsgdslod', '0', '1', '');
INSERT INTO `c_com_field_exp_rel` VALUES ('07C6CE858CE5446C8EB50BEAC', '22CC8AA1CFC1437681542471F', 'FIELD000000000000000012', 'fgewii', '58047B9EDC124993A5EA0A400', 'tspcchin', '1', '1', '流水数量余额');
INSERT INTO `c_com_field_exp_rel` VALUES ('09C62799CC034391B246713DE', '07323332512A43C997ED2F9F5', 'FIELD000000000000000006', 'fgewio', 'EXPRESSION00000000000000016', 'tssalsin', '0', '1', '');
INSERT INTO `c_com_field_exp_rel` VALUES ('0CD8FF46C9D145608242B12FF', '6715DB8A543D4BBB922F46F58', 'FIELD000000000000000017', 'fggvts', '39C041D98FD54774B4B002B26', 'tspcchin', '1', '1', '金额可被核销余额');
INSERT INTO `c_com_field_exp_rel` VALUES ('0F24592D398749DFB8B2EF923', 'D6B11164EFD8483E86B791246', 'FIELD000000000000000006', 'fgewii', 'EXPRESSION00000000000000016', 'tspcchin', '0', '1', '');
INSERT INTO `c_com_field_exp_rel` VALUES ('0F3AE545C91F4458BC76CA34C', '07323332512A43C997ED2F9F5', 'FIELD000000000000000015', 'fgewio', 'F5B0D87864694779A8CF0EB84', 'tssalsin', '0', '1', '金额');
INSERT INTO `c_com_field_exp_rel` VALUES ('152BAC17CC0C40BEA659BC08B', 'D228B04B93FB4BCF85DE8A67C', 'FIELD000000000000000015', 'fgewii', '68D997BC97E04E9D88B30A209', 'tsslrtin', '0', '1', '金额');
INSERT INTO `c_com_field_exp_rel` VALUES ('1756CF43995B4587B66837DDE', 'D31C8B2EDF3F41248B1CE7845', 'FIELD000000000000000014', 'fgewii', 'F0EAC5FBB8CE44BA80F840765', 'tsslrtin', '1', '0', '数量可被核销余额');
INSERT INTO `c_com_field_exp_rel` VALUES ('179D48F6A77D488690C750947', '78650F4A435B49CFAB46C3CC7', 'FIELD000000000000000011', 'fgints', '2F42C8401D80484C8D7A275B3', 'tsgdpsod', '0', '1', '数量');
INSERT INTO `c_com_field_exp_rel` VALUES ('18227D40070341C3B721D530E', 'F927B74FEBC440EAB0C5562C7', 'FIELD000000000000000006', 'fgewii', 'EXPRESSION00000000000000016', 'tsslrtin', '0', '1', '');
INSERT INTO `c_com_field_exp_rel` VALUES ('1967B73345E64B55A41FB2E4B', 'CCA0BBE877E74044B1BC545F7', 'FIELD000000000000000015', 'fgewio', 'EC1273EFE1C942D4858187597', 'tssalsin', '0', '1', '金额');
INSERT INTO `c_com_field_exp_rel` VALUES ('1BA14D0413DE4786BECCFB24D', 'F927B74FEBC440EAB0C5562C7', 'FIELD000000000000000015', 'fgewii', 'A7ACB6539DC540C69033A5C08', 'tsslrtin', '0', '1', '金额');
INSERT INTO `c_com_field_exp_rel` VALUES ('1F16853413174FAC9A664E482', '7A960ABE518741DB963552E6E', 'FIELD000000000000000006', 'fgewii', 'EXPRESSION00000000000000016', 'tsslrtin', '0', '1', '');
INSERT INTO `c_com_field_exp_rel` VALUES ('2044B3B942394470995DA9CAD', '7E024C408F384FE89B307FECD', 'FIELD000000000000000011', 'fgints', '5E462FB528F64953A19AB07F9', 'tsgdpsod', '0', '1', '数量');
INSERT INTO `c_com_field_exp_rel` VALUES ('212F8A8630024971B25D38DDD', '19814ABDA5DD434085258666F', 'FIELD000000000000000017', 'fgewio', 'A20D9B8F664A4969AEC8F96D1', 'tssalsin', '1', '1', '金额可被核销余额');
INSERT INTO `c_com_field_exp_rel` VALUES ('2237604DAFBF426EAF11BF647', 'D31C8B2EDF3F41248B1CE7845', 'FIELD000000000000000005', 'fgewii', 'EXPRESSION00000000000000015', 'tspcchin', '0', '1', '');
INSERT INTO `c_com_field_exp_rel` VALUES ('236C5FE185FA4626A36E00155', '78650F4A435B49CFAB46C3CC7', 'FIELD000000000000000004', 'fgints', 'EXPRESSION00000000000000014', 'tsgdpsod', '0', '1', '');
INSERT INTO `c_com_field_exp_rel` VALUES ('2475CB4DA46543DF87A06ABCA', '7A960ABE518741DB963552E6E', 'FIELD000000000000000016', 'fgewii', 'D8B1C0FEF0F34DABB67FE8639', 'tsslrtin', '1', '1', '流水余额');
INSERT INTO `c_com_field_exp_rel` VALUES ('2564A3F663EC4F3EA8502F5FB', '6715DB8A543D4BBB922F46F58', 'FIELD000000000000000006', 'fggvts', 'EXPRESSION00000000000000016', 'tspcchin', '0', '1', '');
INSERT INTO `c_com_field_exp_rel` VALUES ('25888DFBF9D54324AFDD9AB0F', 'D31C8B2EDF3F41248B1CE7845', 'FIELD000000000000000011', 'fgewii', '2D9E16264BED4277B08B74A21', 'tsslrtin', '0', '0', '数量');
INSERT INTO `c_com_field_exp_rel` VALUES ('2748F902F20E443CBC876CBC7', 'CCA0BBE877E74044B1BC545F7', 'FIELD000000000000000016', 'fgewio', '274E8D3212BF4B4AB92BCEF0B', 'tspcrtin', '0', '0', '');
INSERT INTO `c_com_field_exp_rel` VALUES ('2884F40307E347CE8986C0BCA', '6715DB8A543D4BBB922F46F58', 'FIELD000000000000000006', 'fggvts', 'EXPRESSION00000000000000016', 'tsslrtin', '0', '0', '');
INSERT INTO `c_com_field_exp_rel` VALUES ('288C9C2A4A1D4DB28B3D096A0', '19814ABDA5DD434085258666F', 'FIELD000000000000000006', 'fgewio', 'EXPRESSION00000000000000016', 'tssalsin', '0', '1', '');
INSERT INTO `c_com_field_exp_rel` VALUES ('2F6553F7F4EA4C2DB841A45B7', '2BAFBEB09A20431BB475E9611', 'FIELD000000000000000004', 'fgewio', 'EXPRESSION00000000000000014', 'tssalsin', '0', '1', '');
INSERT INTO `c_com_field_exp_rel` VALUES ('2FDF8357EBA444A483CC63E7C', '112DB5C38B8041C098A761353', 'FIELD000000000000000004', 'fgints', 'EXPRESSION00000000000000014', 'tsgdslod', '0', '1', '');
INSERT INTO `c_com_field_exp_rel` VALUES ('358D9A7ECBA44453832D6B73E', '112DB5C38B8041C098A761353', 'FIELD000000000000000006', 'fgints000', 'EXPRESSION00000000000000016', 'tsgdslod', '0', '0', '');
INSERT INTO `c_com_field_exp_rel` VALUES ('373FCE708A3F49ADAC450D82C', '22CC8AA1CFC1437681542471F', 'FIELD000000000000000011', 'fgewii', '28B62738AF4B47DE9287E187F', 'tspcchin', '0', '1', '数量');
INSERT INTO `c_com_field_exp_rel` VALUES ('37683ECCD9CA421F8143B4348', '7D6E30A2559A4552805FBDAF5', 'FIELD000000000000000011', 'fgints', '15E4D50B33084959A2286E02B', 'tsgdslod', '0', '1', '数量');
INSERT INTO `c_com_field_exp_rel` VALUES ('3821EEDE522F4A4BBE9BC7369', '78650F4A435B49CFAB46C3CC7', 'FIELD000000000000000012', 'fgints', 'D24E6820D54341D88A926CBEC', 'tsgdpsod', '1', '1', '流水数量余额');
INSERT INTO `c_com_field_exp_rel` VALUES ('3C530D683EEF4ECEAAC129035', 'F5EBC9FEBC454AAE920814924', 'FIELD000000000000000017', 'fggvts', '4111D2D8C3CA4C92AC174671C', 'tspcrtin', '1', '0', '');
INSERT INTO `c_com_field_exp_rel` VALUES ('40A023C7EECA47E7807133A41', 'D228B04B93FB4BCF85DE8A67C', 'FIELD000000000000000016', 'fgewii', '3E87B652CADB4AC3AD9D9BA7E', 'tsslrtin', '1', '1', '流水余额');
INSERT INTO `c_com_field_exp_rel` VALUES ('40F64450D94B4D899D533462B', '19814ABDA5DD434085258666F', 'FIELD000000000000000004', 'fgewio', 'EXPRESSION00000000000000014', 'tssalsin', '0', '1', '');
INSERT INTO `c_com_field_exp_rel` VALUES ('42CDDFD6E0094164BA471FC5A', '6715DB8A543D4BBB922F46F58', 'FIELD000000000000000015', 'fggvts', '45EC398D6D8C42D9985FC0A10', 'tspcchin', '0', '1', '金额');
INSERT INTO `c_com_field_exp_rel` VALUES ('4322A070202A4324AC3F89378', '9457AF830723463F83EF9A8CF', 'FIELD000000000000000016', 'fgewio', '58943BD4AF7D451586A766C8F', 'tspcrtin', '1', '1', '流水余额');
INSERT INTO `c_com_field_exp_rel` VALUES ('47ED683B271E449B86E490B11', '22CC8AA1CFC1437681542471F', 'FIELD000000000000000004', 'fgewii', 'EXPRESSION00000000000000014', 'tspcchin', '0', '1', '');
INSERT INTO `c_com_field_exp_rel` VALUES ('47F4BFF5FFD246B280A362F44', '451DCBCB11594C9E9FE5238E8', 'FIELD000000000000000015', 'fgewii', '7BD232AB001642E98A5884AC1', 'tsslrtin', '0', '1', '金额');
INSERT INTO `c_com_field_exp_rel` VALUES ('536C83BF2AA94E1991EA7655C', 'A7E853459EDD49498D02CB843', 'FIELD000000000000000014', 'fgints000', 'A84DD91F077A461C965B792B6', 'tsgdslod', '1', '1', '数量可被核销余额');
INSERT INTO `c_com_field_exp_rel` VALUES ('53A1CDCB82CA43A188F5C6ED8', '1026DE7120474E8C9ABF1D3B5', 'FIELD000000000000000016', 'fgewio', '922727DAA65948A082278C973', 'tspcrtin', '1', '1', '流水余额');
INSERT INTO `c_com_field_exp_rel` VALUES ('55DA72FF8DF344058BFD71757', 'D31C8B2EDF3F41248B1CE7845', 'FIELD000000000000000011', 'fgewii', '8C1C977641B343CA87AB97C7E', 'tspcchin', '0', '1', '数量');
INSERT INTO `c_com_field_exp_rel` VALUES ('569199D0F08C4BF99F3F03559', '22CC8AA1CFC1437681542471F', 'FIELD000000000000000006', 'fgewii', 'EXPRESSION00000000000000016', 'tspcchin', '0', '1', '');
INSERT INTO `c_com_field_exp_rel` VALUES ('583E0F73F0B14CA8A74DC82FF', 'B0F2F09D80B44170A625B23E6', 'FIELD000000000000000005', 'fgepts', 'EXPRESSION00000000000000015', 'tspcrtin', '0', '1', '费用类型编码');
INSERT INTO `c_com_field_exp_rel` VALUES ('655B0EE0D6D941AD8FC614B86', 'E20988DB8FB24FD8914D84043', 'FIELD000000000000000017', 'fgewii', '0F3EB6D91A2A467BAC9832C09', 'tspcchin', '1', '1', '金额可被核销余额');
INSERT INTO `c_com_field_exp_rel` VALUES ('6777C3D849C6429184329A0B9', '19814ABDA5DD434085258666F', 'FIELD000000000000000015', 'fgewio', 'EA0CC267F11B46B7815DAB844', 'tssalsin', '0', '1', '金额');
INSERT INTO `c_com_field_exp_rel` VALUES ('67D521CD2B3E489E84D631BAA', '049DA5974B1043BBA621911F9', 'FIELD000000000000000017', 'fgewio', '7AA3B6E081AF47C68975A39D2', 'tssalsin', '1', '1', '金额可被核销余额');
INSERT INTO `c_com_field_exp_rel` VALUES ('68952D76545047D193F3B2B09', 'F927B74FEBC440EAB0C5562C7', 'FIELD000000000000000004', 'fgewii', 'EXPRESSION00000000000000014', 'tsslrtin', '0', '1', '');
INSERT INTO `c_com_field_exp_rel` VALUES ('695F7F91D0424021934594741', '451DCBCB11594C9E9FE5238E8', 'FIELD000000000000000004', 'fgewii', 'EXPRESSION00000000000000014', 'tsslrtin', '0', '1', '');
INSERT INTO `c_com_field_exp_rel` VALUES ('6F9317D82D894EBAA857F16A1', 'CCA0BBE877E74044B1BC545F7', 'FIELD000000000000000004', 'fgewio', 'EXPRESSION00000000000000014', 'tssalsin', '0', '1', '');
INSERT INTO `c_com_field_exp_rel` VALUES ('7393F9CFF60F4279B9DA1A7D7', 'D31C8B2EDF3F41248B1CE7845', 'FIELD000000000000000004', 'fgewii', 'EXPRESSION00000000000000014', 'tspcchin', '0', '1', '');
INSERT INTO `c_com_field_exp_rel` VALUES ('73E725AA5E17493C9589F4758', 'F5EBC9FEBC454AAE920814924', 'FIELD000000000000000015', 'fggvts', '37A44D97472B40DDAAB81AA24', 'tssalsin', '0', '1', '金额');
INSERT INTO `c_com_field_exp_rel` VALUES ('74EDBE39593440248699D93B0', '112DB5C38B8041C098A761353', 'FIELD000000000000000014', 'fgints000', '9206C0825A1C401B805EB7479', 'tsgdslod', '1', '0', '数量可被核销余额');
INSERT INTO `c_com_field_exp_rel` VALUES ('78DD729E14BA41D2B6627F341', '112DB5C38B8041C098A761353', 'FIELD000000000000000006', 'fgints', 'EXPRESSION00000000000000016', 'tsgdslod', '0', '1', '');
INSERT INTO `c_com_field_exp_rel` VALUES ('79DEE40735B1411D96E98EC00', 'F927B74FEBC440EAB0C5562C7', 'FIELD000000000000000017', 'fgewii', 'C045E476A08448DD89C05DC2F', 'tsslrtin', '1', '1', '金额可被核销余额');
INSERT INTO `c_com_field_exp_rel` VALUES ('7B0E911EF13F4A198CB962DA7', 'A7E853459EDD49498D02CB843', 'FIELD000000000000000011', 'fgints000', '65D65DAB1032493FB753AD8F2', 'tsgdslod', '0', '1', '数量');
INSERT INTO `c_com_field_exp_rel` VALUES ('7E4141B79B704CC288F81C11B', '112DB5C38B8041C098A761353', 'FIELD000000000000000011', 'fgints000', 'DDA0D1FAA07C415880D08B16C', 'tsgdslod', '0', '0', '数量');
INSERT INTO `c_com_field_exp_rel` VALUES ('8082360C5B824ACEB75063CF4', 'CCA0BBE877E74044B1BC545F7', 'FIELD000000000000000011', 'fgewio', '505118954E514232B6D30767F', 'tssalsin', '0', '1', '数量');
INSERT INTO `c_com_field_exp_rel` VALUES ('80B2DB1DE39A48678D47E1AA7', 'CCA0BBE877E74044B1BC545F7', 'FIELD000000000000000011', 'fgewio', '505118954E514232B6D30767F', 'tspcrtin', '0', '0', '');
INSERT INTO `c_com_field_exp_rel` VALUES ('81B31EFEA7C249989743B5779', '451DCBCB11594C9E9FE5238E8', 'FIELD000000000000000005', 'fgewii', 'EXPRESSION00000000000000015', 'tsslrtin', '0', '1', '');
INSERT INTO `c_com_field_exp_rel` VALUES ('8490703D3A8248EEBB84E60E4', '6715DB8A543D4BBB922F46F58', 'FIELD000000000000000017', 'fggvts', '39C041D98FD54774B4B002B26', 'tsslrtin', '1', '0', '');
INSERT INTO `c_com_field_exp_rel` VALUES ('862FB8202E7145AEA2D5295F3', '7D6E30A2559A4552805FBDAF5', 'FIELD000000000000000014', 'fgints', 'BD4021560D914A3BB9668FD07', 'tsgdslod', '1', '1', '数量可被核销余额');
INSERT INTO `c_com_field_exp_rel` VALUES ('8755A5B6A7F143CD866086F1F', '112DB5C38B8041C098A761353', 'FIELD000000000000000004', 'fgints000', 'EXPRESSION00000000000000014', 'tsgdslod', '0', '0', '');
INSERT INTO `c_com_field_exp_rel` VALUES ('889D2AD4BAC34F1CA0C41A3CC', 'D31C8B2EDF3F41248B1CE7845', 'FIELD000000000000000004', 'fgewii', 'EXPRESSION00000000000000014', 'tsslrtin', '0', '0', '');
INSERT INTO `c_com_field_exp_rel` VALUES ('8B40D4A6509344628AF5BFC2C', '7E024C408F384FE89B307FECD', 'FIELD000000000000000004', 'fgints', 'EXPRESSION00000000000000014', 'tsgdpsod', '0', '1', '');
INSERT INTO `c_com_field_exp_rel` VALUES ('8B4CBA413A414325B9036407E', 'D31C8B2EDF3F41248B1CE7845', 'FIELD000000000000000017', 'fgewii', '3BD94E2FB31A47679F6DFFFF5', 'tspcchin', '0', '1', '金额可被核销余额');
INSERT INTO `c_com_field_exp_rel` VALUES ('8B769714411749729DA9F740C', 'B0F2F09D80B44170A625B23E6', 'FIELD000000000000000017', 'fgepts', '9B0CE14D16EB43D3A34148B1D', 'tspcrtin', '1', '1', '金额可被核销余额');
INSERT INTO `c_com_field_exp_rel` VALUES ('8CC4C0E121244F08924B96685', '1026DE7120474E8C9ABF1D3B5', 'FIELD000000000000000006', 'fgewio', 'EXPRESSION00000000000000016', 'tspcrtin', '0', '1', '');
INSERT INTO `c_com_field_exp_rel` VALUES ('8DE9DF59CF4C4A9BB7CD880F3', 'CCA0BBE877E74044B1BC545F7', 'FIELD000000000000000004', 'fgewio', 'EXPRESSION00000000000000014', 'tspcrtin', '0', '0', '');
INSERT INTO `c_com_field_exp_rel` VALUES ('8F730A2A47884B979CD63A1CC', '7E024C408F384FE89B307FECD', 'FIELD000000000000000006', 'fgints', 'EXPRESSION00000000000000016', 'tsgdpsod', '0', '1', '');
INSERT INTO `c_com_field_exp_rel` VALUES ('945682341A16412B8CE721117', '2BAFBEB09A20431BB475E9611', 'FIELD000000000000000015', 'fgewio', '1B2F626C677A47A4BB3CF1EB5', 'tssalsin', '0', '1', '金额');
INSERT INTO `c_com_field_exp_rel` VALUES ('9559673BDB4D4926A6689FC57', 'E20988DB8FB24FD8914D84043', 'FIELD000000000000000015', 'fgewii', '651DE91708FF47F79F63A3C39', 'tspcchin', '0', '1', '金额');
INSERT INTO `c_com_field_exp_rel` VALUES ('97323252CFC5491393A64E4B2', 'B0F2F09D80B44170A625B23E6', 'FIELD000000000000000004', 'fgepts', 'EXPRESSION00000000000000014', 'tspcrtin', '0', '1', '支出费用编码');
INSERT INTO `c_com_field_exp_rel` VALUES ('A1572A8C134B4B12A0BEF5E35', 'B0F2F09D80B44170A625B23E6', 'FIELD000000000000000015', 'fgepts', '105BEF2541B244449B9833CCD', 'tspcrtin', '0', '1', '金额');
INSERT INTO `c_com_field_exp_rel` VALUES ('A50941BE8E0F49B59C8DD13DA', '451DCBCB11594C9E9FE5238E8', 'FIELD000000000000000006', 'fgewii', 'EXPRESSION00000000000000016', 'tsslrtin', '0', '1', '');
INSERT INTO `c_com_field_exp_rel` VALUES ('AE1ABDF343E54C2CBC7A5A8D8', 'D31C8B2EDF3F41248B1CE7845', 'FIELD000000000000000015', 'fgewii', 'FC88A76DC64A436B83CB7FAC4', 'tspcchin', '0', '1', '金额');
INSERT INTO `c_com_field_exp_rel` VALUES ('AF8CFC47F105465FA15DC6259', '451DCBCB11594C9E9FE5238E8', 'FIELD000000000000000017', 'fgewii', '4CEF9754C7244BC2B789F397E', 'tsslrtin', '1', '1', '金额可被核销余额');
INSERT INTO `c_com_field_exp_rel` VALUES ('B07068B145944D78A8EA7F82C', 'F927B74FEBC440EAB0C5562C7', 'FIELD000000000000000005', 'fgewii', 'EXPRESSION00000000000000015', 'tsslrtin', '0', '1', '');
INSERT INTO `c_com_field_exp_rel` VALUES ('B1988A7E508E4420AB4C05EC1', '1026DE7120474E8C9ABF1D3B5', 'FIELD000000000000000015', 'fgewio', '59DB6878252A44428099E06C7', 'tspcrtin', '0', '1', '金额');
INSERT INTO `c_com_field_exp_rel` VALUES ('B22434A48FFE48779DDE6A256', 'E20988DB8FB24FD8914D84043', 'FIELD000000000000000006', 'fgewii', 'EXPRESSION00000000000000016', 'tspcchin', '0', '1', '');
INSERT INTO `c_com_field_exp_rel` VALUES ('B22F1C941D974EC4ACFD87160', 'A7E853459EDD49498D02CB843', 'FIELD000000000000000004', 'fgints000', 'EXPRESSION00000000000000014', 'tsgdslod', '0', '1', '');
INSERT INTO `c_com_field_exp_rel` VALUES ('B3BC679EC40546A1B73F0DA95', '006E2B6C240149DCBAF7ECA39', 'FIELD000000000000000004', 'fgewio', 'EXPRESSION00000000000000014', 'tssalsin', '0', '1', '');
INSERT INTO `c_com_field_exp_rel` VALUES ('B4E605E746F0431DA91730599', '19814ABDA5DD434085258666F', 'FIELD000000000000000005', 'fgewio', 'EXPRESSION00000000000000015', 'tssalsin', '0', '1', '');
INSERT INTO `c_com_field_exp_rel` VALUES ('B564CAAF960143A5BF83D474B', '9457AF830723463F83EF9A8CF', 'FIELD000000000000000015', 'fgewio', '8613596A4C95496CB6650149C', 'tspcrtin', '0', '1', '金额');
INSERT INTO `c_com_field_exp_rel` VALUES ('B9447D7910214204AAA33A15C', 'D31C8B2EDF3F41248B1CE7845', 'FIELD000000000000000015', 'fgewii', '3DDB521742B748A6AB9D5BDB5', 'tsslrtin', '0', '0', '金额');
INSERT INTO `c_com_field_exp_rel` VALUES ('B945606603D0415998CF3552D', '6715DB8A543D4BBB922F46F58', 'FIELD000000000000000015', 'fggvts', '45EC398D6D8C42D9985FC0A10', 'tsslrtin', '0', '0', '');
INSERT INTO `c_com_field_exp_rel` VALUES ('BAC1BF3AC7944BF3906C8BD85', 'D31C8B2EDF3F41248B1CE7845', 'FIELD000000000000000005', 'fgewii', 'EXPRESSION00000000000000015', 'tsslrtin', '0', '0', '');
INSERT INTO `c_com_field_exp_rel` VALUES ('BC7A093515564ABA99629CC29', '7E024C408F384FE89B307FECD', 'FIELD000000000000000014', 'fgints', '626D9BDC11CA42AB887C223C2', 'tsgdpsod', '1', '1', '数量可被核销余额');
INSERT INTO `c_com_field_exp_rel` VALUES ('BE8C0D56FA7447EF85C4921E1', 'CCA0BBE877E74044B1BC545F7', 'FIELD000000000000000012', 'fgewio', '58D139E498484FE78B60FD509', 'tssalsin', '1', '1', '流水数量余额');
INSERT INTO `c_com_field_exp_rel` VALUES ('C1391E2DC7594950BB05991D0', '07323332512A43C997ED2F9F5', 'FIELD000000000000000017', 'fgewio', '82FF4A761F76463381E9F6AC8', 'tssalsin', '1', '1', '金额可被核销余额');
INSERT INTO `c_com_field_exp_rel` VALUES ('C7EEA6553E0B4D5997D7695E1', '2BAFBEB09A20431BB475E9611', 'FIELD000000000000000005', 'fgewio', 'EXPRESSION00000000000000015', 'tssalsin', '0', '1', '');
INSERT INTO `c_com_field_exp_rel` VALUES ('C8B1F1DFA8CF491BA4AEDDAAD', '112DB5C38B8041C098A761353', 'FIELD000000000000000011', 'fgints', 'C8E78DFB493E438A9B0C65682', 'tsgdslod', '0', '1', '数量');
INSERT INTO `c_com_field_exp_rel` VALUES ('C946288D087D40B1B6EF8CE2B', 'D6B11164EFD8483E86B791246', 'FIELD000000000000000015', 'fgewii', '8BD0BA1C1DC743F7A0C997843', 'tspcchin', '0', '1', '金额');
INSERT INTO `c_com_field_exp_rel` VALUES ('CD87FCD66DD14C35AC402CDB8', '006E2B6C240149DCBAF7ECA39', 'FIELD000000000000000006', 'fgewio', 'EXPRESSION00000000000000016', 'tssalsin', '0', '1', '');
INSERT INTO `c_com_field_exp_rel` VALUES ('CF35D35CAF31478C8FB7698D4', 'D6B11164EFD8483E86B791246', 'FIELD000000000000000017', 'fgewii', '723700838DAE46909E7B646D7', 'tspcchin', '1', '1', '金额可被核销余额');
INSERT INTO `c_com_field_exp_rel` VALUES ('D02937E14D0E47CF89FA2228B', '049DA5974B1043BBA621911F9', 'FIELD000000000000000006', 'fgewio', 'EXPRESSION00000000000000016', 'tssalsin', '0', '1', '');
INSERT INTO `c_com_field_exp_rel` VALUES ('D1D8560B91374729A70829F5D', 'D31C8B2EDF3F41248B1CE7845', 'FIELD000000000000000014', 'fgewii', 'B9D8ED98B4BE4259A84FD8FB4', 'tspcchin', '1', '1', '数量可被核销余额');
INSERT INTO `c_com_field_exp_rel` VALUES ('D6591E1B097A42A2B795EE8A3', '112DB5C38B8041C098A761353', 'FIELD000000000000000014', 'fgints', 'F956C8E6DD3A47CEAAC2F0A7A', 'tsgdslod', '1', '1', '数量可被核销余额');
INSERT INTO `c_com_field_exp_rel` VALUES ('D7C7B44A8CD9410EAF2E51F9F', 'F5EBC9FEBC454AAE920814924', 'FIELD000000000000000006', 'fggvts', 'EXPRESSION00000000000000016', 'tspcrtin', '0', '0', '');
INSERT INTO `c_com_field_exp_rel` VALUES ('DCDB60513F8B4B778E6FA4396', '006E2B6C240149DCBAF7ECA39', 'FIELD000000000000000012', 'fgewio', '23F34F6526574D0BB454FE8BA', 'tssalsin', '1', '1', '流水数量余额');
INSERT INTO `c_com_field_exp_rel` VALUES ('DFAA9176235D48A4A2D4208F6', 'D31C8B2EDF3F41248B1CE7845', 'FIELD000000000000000017', 'fgewii', '5F6552BB2AFB464CAE9351282', 'tsslrtin', '0', '0', '金额可被核销余额');
INSERT INTO `c_com_field_exp_rel` VALUES ('E319BA77F3C447F6954052ACE', '2BAFBEB09A20431BB475E9611', 'FIELD000000000000000006', 'fgewio', 'EXPRESSION00000000000000016', 'tssalsin', '0', '1', '');
INSERT INTO `c_com_field_exp_rel` VALUES ('E54197280EEE4B31AEC254B89', '006E2B6C240149DCBAF7ECA39', 'FIELD000000000000000011', 'fgewio', '4215FF9F111C4AA48F7F43800', 'tssalsin', '0', '1', '数量');
INSERT INTO `c_com_field_exp_rel` VALUES ('E7D5873F811743BF9FC66470B', 'D228B04B93FB4BCF85DE8A67C', 'FIELD000000000000000006', 'fgewii', 'EXPRESSION00000000000000016', 'tsslrtin', '0', '1', '');
INSERT INTO `c_com_field_exp_rel` VALUES ('E7EC47D7812A4C8D911926B65', '049DA5974B1043BBA621911F9', 'FIELD000000000000000015', 'fgewio', 'E20A465EA4D141D2985D35FB0', 'tssalsin', '0', '1', '金额');
INSERT INTO `c_com_field_exp_rel` VALUES ('ECE7310D167042C88BA6F87FE', 'CCA0BBE877E74044B1BC545F7', 'FIELD000000000000000005', 'fgewio', 'EXPRESSION00000000000000015', 'tssalsin', '0', '1', '');
INSERT INTO `c_com_field_exp_rel` VALUES ('EDB01C22E31D48408FB33C79A', '2BAFBEB09A20431BB475E9611', 'FIELD000000000000000017', 'fgewio', '9D62CDBF4F234461A9617726F', 'tssalsin', '1', '1', '金额可被核销余额');
INSERT INTO `c_com_field_exp_rel` VALUES ('EF64A982C3154FE597697AF1B', 'CCA0BBE877E74044B1BC545F7', 'FIELD000000000000000005', 'fgewio', 'EXPRESSION00000000000000015', 'tspcrtin', '0', '0', '');
INSERT INTO `c_com_field_exp_rel` VALUES ('F213861B265245FE85105F401', 'CCA0BBE877E74044B1BC545F7', 'FIELD000000000000000015', 'fgewio', 'EC1273EFE1C942D4858187597', 'tspcrtin', '0', '0', '');
INSERT INTO `c_com_field_exp_rel` VALUES ('F4E758DC8C4641A8B4BC946BE', '9457AF830723463F83EF9A8CF', 'FIELD000000000000000006', 'fgewio', 'EXPRESSION00000000000000016', 'tspcrtin', '0', '1', '');
INSERT INTO `c_com_field_exp_rel` VALUES ('F7B68529C1E24E6CA80F95FD6', 'F5EBC9FEBC454AAE920814924', 'FIELD000000000000000006', 'fggvts', 'EXPRESSION00000000000000016', 'tssalsin', '0', '1', '往来编码');

-- ----------------------------
-- Table structure for c_data_collector
-- ----------------------------
DROP TABLE IF EXISTS `c_data_collector`;
CREATE TABLE `c_data_collector` (
  `ID` varchar(60) NOT NULL,
  `DATA_NAME` varchar(60) NOT NULL DEFAULT '' COMMENT '数据获取器名称',
  `DATA_TYPE` tinyint(4) DEFAULT NULL COMMENT '数据获取器类型',
  `BEAN_NAME` varchar(60) NOT NULL DEFAULT '' COMMENT '类名',
  PRIMARY KEY (`ID`)
) ENGINE=InnoDB DEFAULT CHARSET=utf8;

-- ----------------------------
-- Records of c_data_collector
-- ----------------------------
INSERT INTO `c_data_collector` VALUES ('04dfe0e8-4', '数量-金额(被核销方)', '1', 'autoMatchDataCollector');
INSERT INTO `c_data_collector` VALUES ('1510239c-d', '金额(核销方-方向正)', '1', 'autoMatchDataCollector');
INSERT INTO `c_data_collector` VALUES ('1b4b8574-5', '数量(被核销方)', '1', 'autoMatchDataCollector');
INSERT INTO `c_data_collector` VALUES ('30ccc188-8', '金额(被核销方-方向负)', '1', 'autoMatchDataCollector');
INSERT INTO `c_data_collector` VALUES ('34667859-e', '数量(核销方)', '1', 'autoMatchDataCollector');
INSERT INTO `c_data_collector` VALUES ('b11bebec-9', '数量-金额(核销方)', '1', 'autoMatchDataCollector');
INSERT INTO `c_data_collector` VALUES ('c491413f-0', '金额(核销方-方向负)', '1', 'autoMatchDataCollector');
INSERT INTO `c_data_collector` VALUES ('ef38fec8-a', '金额(被核销方-方向正)', '1', 'autoMatchDataCollector');

-- ----------------------------
-- Table structure for c_expression
-- ----------------------------
DROP TABLE IF EXISTS `c_expression`;
CREATE TABLE `c_expression` (
  `ID` varchar(60) NOT NULL,
  `CALC_FIELD_ID` varchar(28) DEFAULT '' COMMENT '计算字段ID',
  `EXP_NAME` varchar(255) NOT NULL COMMENT '表达式名称',
  `EXP_BALANCE` varchar(1000) DEFAULT '' COMMENT '表达式',
  `EXP_VERIFICATION` varchar(1000) DEFAULT '',
  `VERI_NAME` varchar(60) NOT NULL DEFAULT '' COMMENT '核销对象KEY',
  `EXP_TYPE` tinyint(11) NOT NULL DEFAULT '0' COMMENT '表达式类型(0表示所有流程必须，-1表示核销方默认字段，1表示被核销方默认字段，2表示定位字段)',
  PRIMARY KEY (`ID`)
) ENGINE=InnoDB DEFAULT CHARSET=utf8;

-- ----------------------------
-- Records of c_expression
-- ----------------------------
INSERT INTO `c_expression` VALUES ('0F3EB6D91A2A467BAC9832C09', 'FIELD000000000000000017', '金额可被核销余额', 'EXPRESOURCE00000000013', 'EXPRESOURCE00000000019', 'amntWaterBal', '1');
INSERT INTO `c_expression` VALUES ('105BEF2541B244449B9833CCD', 'FIELD000000000000000015', '金额', 'EXPRESOURCE00000000017', '', '', '0');
INSERT INTO `c_expression` VALUES ('145876BD9BC54884ACB5EE422', 'FIELD000000000000000016', '流水余额', 'EXPRESOURCE00000000016', 'EXPRESOURCE00000000021', 'amntTbMatched', '1');
INSERT INTO `c_expression` VALUES ('15E4D50B33084959A2286E02B', 'FIELD000000000000000011', '数量', 'EXPRESOURCE00000000001', 'EXPRESOURCE00000000003', '', '1');
INSERT INTO `c_expression` VALUES ('1B2F626C677A47A4BB3CF1EB5', 'FIELD000000000000000015', '金额', 'EXPRESOURCE00000000011', '', '', '0');
INSERT INTO `c_expression` VALUES ('23F34F6526574D0BB454FE8BA', 'FIELD000000000000000012', '流水数量余额', 'EXPRESOURCE00000000005', 'EXPRESOURCE00000000006', 'qtyTbMatched', '-1');
INSERT INTO `c_expression` VALUES ('274E8D3212BF4B4AB92BCEF0B', 'FIELD000000000000000016', '流水余额', 'EXPRESOURCE00000000028', 'EXPRESOURCE00000000014', '', '-1');
INSERT INTO `c_expression` VALUES ('28B62738AF4B47DE9287E187F', 'FIELD000000000000000011', '数量', 'EXPRESOURCE00000000001', 'EXPRESOURCE00000000003', '', '-1');
INSERT INTO `c_expression` VALUES ('2D9E16264BED4277B08B74A21', 'FIELD000000000000000011', '数量', 'EXPRESOURCE00000000001', 'EXPRESOURCE00000000003', '', '1');
INSERT INTO `c_expression` VALUES ('2F42C8401D80484C8D7A275B3', 'FIELD000000000000000011', '数量', 'EXPRESOURCE00000000001', 'EXPRESOURCE00000000003', '', '-1');
INSERT INTO `c_expression` VALUES ('37A44D97472B40DDAAB81AA24', 'FIELD000000000000000015', '金额', 'EXPRESOURCE00000000002', '', '', '0');
INSERT INTO `c_expression` VALUES ('39C041D98FD54774B4B002B26', 'FIELD000000000000000017', '金额可被核销余额', 'EXPRESOURCE00000000013', '', '', '0');
INSERT INTO `c_expression` VALUES ('3BD94E2FB31A47679F6DFFFF5', 'FIELD000000000000000017', '金额可被核销余额', 'EXPRESOURCE00000000022', 'EXPRESOURCE00000000018', '', '1');
INSERT INTO `c_expression` VALUES ('3DDB521742B748A6AB9D5BDB5', 'FIELD000000000000000015', '金额', 'EXPRESOURCE00000000020', 'EXPRESOURCE00000000004', '', '1');
INSERT INTO `c_expression` VALUES ('3E87B652CADB4AC3AD9D9BA7E', 'FIELD000000000000000016', '流水余额', 'EXPRESOURCE00000000016', 'EXPRESOURCE00000000021', 'amntTbMatched', '-1');
INSERT INTO `c_expression` VALUES ('4111D2D8C3CA4C92AC174671C', 'FIELD000000000000000017', '金额可被核销余额', 'EXPRESOURCE00000000013', '', '', '0');
INSERT INTO `c_expression` VALUES ('4215FF9F111C4AA48F7F43800', 'FIELD000000000000000011', '数量', 'EXPRESOURCE00000000001', 'EXPRESOURCE00000000003', '', '-1');
INSERT INTO `c_expression` VALUES ('45EC398D6D8C42D9985FC0A10', 'FIELD000000000000000015', '金额', 'EXPRESOURCE00000000002', '', '', '0');
INSERT INTO `c_expression` VALUES ('4CEF9754C7244BC2B789F397E', 'FIELD000000000000000017', '金额可被核销余额', 'EXPRESOURCE00000000022', '', '', '0');
INSERT INTO `c_expression` VALUES ('505118954E514232B6D30767F', 'FIELD000000000000000011', '数量', 'EXPRESOURCE00000000001', 'EXPRESOURCE00000000003', '', '-1');
INSERT INTO `c_expression` VALUES ('549E8A0B1A6B49E0A035FFC4B', 'FIELD000000000000000017', '金额可被核销余额', 'EXPRESOURCE00000000013', '', '', '0');
INSERT INTO `c_expression` VALUES ('58047B9EDC124993A5EA0A400', 'FIELD000000000000000012', '流水数量余额', 'EXPRESOURCE00000000005', 'EXPRESOURCE00000000006', 'qtyTbMatched', '-1');
INSERT INTO `c_expression` VALUES ('58943BD4AF7D451586A766C8F', 'FIELD000000000000000016', '流水余额', 'EXPRESOURCE00000000016', 'EXPRESOURCE00000000021', 'amntTbMatched', '-1');
INSERT INTO `c_expression` VALUES ('58D139E498484FE78B60FD509', 'FIELD000000000000000012', '流水数量余额', 'EXPRESOURCE00000000005', 'EXPRESOURCE00000000006', 'qtyTbMatched', '-1');
INSERT INTO `c_expression` VALUES ('59DB6878252A44428099E06C7', 'FIELD000000000000000015', '金额', 'EXPRESOURCE00000000002', 'EXPRESOURCE00000000004', '', '-1');
INSERT INTO `c_expression` VALUES ('5E462FB528F64953A19AB07F9', 'FIELD000000000000000011', '数量', 'EXPRESOURCE00000000001', 'EXPRESOURCE00000000003', '', '1');
INSERT INTO `c_expression` VALUES ('5F6552BB2AFB464CAE9351282', 'FIELD000000000000000017', '金额可被核销余额', 'EXPRESOURCE00000000027', 'EXPRESOURCE00000000018', '', '1');
INSERT INTO `c_expression` VALUES ('626D9BDC11CA42AB887C223C2', 'FIELD000000000000000014', '数量可被核销余额', 'EXPRESOURCE00000000007', 'EXPRESOURCE00000000008', 'qtyWaterBal', '1');
INSERT INTO `c_expression` VALUES ('651DE91708FF47F79F63A3C39', 'FIELD000000000000000015', '金额', 'EXPRESOURCE00000000002', 'EXPRESOURCE00000000004', '', '1');
INSERT INTO `c_expression` VALUES ('65D65DAB1032493FB753AD8F2', 'FIELD000000000000000011', '数量', 'EXPRESOURCE00000000001', 'EXPRESOURCE00000000003', '', '1');
INSERT INTO `c_expression` VALUES ('68D997BC97E04E9D88B30A209', 'FIELD000000000000000015', '金额', 'EXPRESOURCE00000000002', 'EXPRESOURCE00000000004', '', '-1');
INSERT INTO `c_expression` VALUES ('723700838DAE46909E7B646D7', 'FIELD000000000000000017', '金额可被核销余额', 'EXPRESOURCE00000000013', 'EXPRESOURCE00000000019', 'amntWaterBal', '1');
INSERT INTO `c_expression` VALUES ('7AA3B6E081AF47C68975A39D2', 'FIELD000000000000000017', '金额可被核销余额', 'EXPRESOURCE00000000013', 'EXPRESOURCE00000000019', 'amntWaterBal', '1');
INSERT INTO `c_expression` VALUES ('7BD232AB001642E98A5884AC1', 'FIELD000000000000000015', '金额', 'EXPRESOURCE00000000009', '', '', '0');
INSERT INTO `c_expression` VALUES ('82FF4A761F76463381E9F6AC8', 'FIELD000000000000000017', '金额可被核销余额', 'EXPRESOURCE00000000013', 'EXPRESOURCE00000000019', 'amntWaterBal', '1');
INSERT INTO `c_expression` VALUES ('8613596A4C95496CB6650149C', 'FIELD000000000000000015', '金额', 'EXPRESOURCE00000000002', 'EXPRESOURCE00000000004', '', '-1');
INSERT INTO `c_expression` VALUES ('8BD0BA1C1DC743F7A0C997843', 'FIELD000000000000000015', '金额', 'EXPRESOURCE00000000002', 'EXPRESOURCE00000000004', '', '1');
INSERT INTO `c_expression` VALUES ('8C1C977641B343CA87AB97C7E', 'FIELD000000000000000011', '数量', 'EXPRESOURCE00000000001', 'EXPRESOURCE00000000003', '', '1');
INSERT INTO `c_expression` VALUES ('9206C0825A1C401B805EB7479', 'FIELD000000000000000014', '数量可被核销余额', 'EXPRESOURCE00000000007', 'EXPRESOURCE00000000008', 'qtyWaterBal', '1');
INSERT INTO `c_expression` VALUES ('922727DAA65948A082278C973', 'FIELD000000000000000016', '流水余额', 'EXPRESOURCE00000000016', 'EXPRESOURCE00000000021', 'amntTbMatched', '-1');
INSERT INTO `c_expression` VALUES ('9B0CE14D16EB43D3A34148B1D', 'FIELD000000000000000017', '金额可被核销余额', 'EXPRESOURCE00000000015', '', '', '0');
INSERT INTO `c_expression` VALUES ('9D62CDBF4F234461A9617726F', 'FIELD000000000000000017', '金额可被核销余额', 'EXPRESOURCE00000000023', '', '', '0');
INSERT INTO `c_expression` VALUES ('A20D9B8F664A4969AEC8F96D1', 'FIELD000000000000000017', '金额可被核销余额', 'EXPRESOURCE00000000022', '', '', '0');
INSERT INTO `c_expression` VALUES ('A7ACB6539DC540C69033A5C08', 'FIELD000000000000000015', '金额', 'EXPRESOURCE00000000020', '', '', '0');
INSERT INTO `c_expression` VALUES ('A84DD91F077A461C965B792B6', 'FIELD000000000000000014', '数量可被核销余额', 'EXPRESOURCE00000000007', 'EXPRESOURCE00000000008', 'qtyWaterBal', '1');
INSERT INTO `c_expression` VALUES ('A9B73E63AA9C42009C80475C0', 'FIELD000000000000000015', '金额', 'EXPRESOURCE00000000002', 'EXPRESOURCE00000000004', '', '-1');
INSERT INTO `c_expression` VALUES ('B05AE07214EF4BE1AC756491B', 'FIELD000000000000000015', '金额', 'EXPRESOURCE00000000002', '', '', '0');
INSERT INTO `c_expression` VALUES ('B9D8ED98B4BE4259A84FD8FB4', 'FIELD000000000000000014', '数量可被核销余额', 'EXPRESOURCE00000000007', 'EXPRESOURCE00000000008', 'qtyWaterBal', '1');
INSERT INTO `c_expression` VALUES ('BD4021560D914A3BB9668FD07', 'FIELD000000000000000014', '数量可被核销余额', 'EXPRESOURCE00000000007', 'EXPRESOURCE00000000008', 'qtyWaterBal', '1');
INSERT INTO `c_expression` VALUES ('C045E476A08448DD89C05DC2F', 'FIELD000000000000000017', '金额可被核销余额', 'EXPRESOURCE00000000027', '', '', '0');
INSERT INTO `c_expression` VALUES ('C8E78DFB493E438A9B0C65682', 'FIELD000000000000000011', '数量', 'EXPRESOURCE00000000001', 'EXPRESOURCE00000000003', '', '1');
INSERT INTO `c_expression` VALUES ('D24E6820D54341D88A926CBEC', 'FIELD000000000000000012', '流水数量余额', 'EXPRESOURCE00000000005', 'EXPRESOURCE00000000006', 'qtyTbMatched', '-1');
INSERT INTO `c_expression` VALUES ('D8B1C0FEF0F34DABB67FE8639', 'FIELD000000000000000016', '流水余额', 'EXPRESOURCE00000000016', 'EXPRESOURCE00000000021', 'amntTbMatched', '-1');
INSERT INTO `c_expression` VALUES ('DDA0D1FAA07C415880D08B16C', 'FIELD000000000000000011', '数量', 'EXPRESOURCE00000000001', 'EXPRESOURCE00000000003', '', '1');
INSERT INTO `c_expression` VALUES ('E20A465EA4D141D2985D35FB0', 'FIELD000000000000000015', '金额', 'EXPRESOURCE00000000002', 'EXPRESOURCE00000000004', '', '1');
INSERT INTO `c_expression` VALUES ('EA0CC267F11B46B7815DAB844', 'FIELD000000000000000015', '金额', 'EXPRESOURCE00000000009', '', '', '0');
INSERT INTO `c_expression` VALUES ('EC1273EFE1C942D4858187597', 'FIELD000000000000000015', '金额', 'EXPRESOURCE00000000012', 'EXPRESOURCE00000000010', '', '-1');
INSERT INTO `c_expression` VALUES ('EXPRESSION00000000000000001', 'FIELD000000000000000026', '主键ID', '', 'source(\'id\')', '', '3');
INSERT INTO `c_expression` VALUES ('EXPRESSION00000000000000002', 'FIELD000000000000000001', '交易号', 'current.transCode', '', '', '3');
INSERT INTO `c_expression` VALUES ('EXPRESSION00000000000000003', 'FIELD000000000000000002', '流程类型', 'current.transType', '', '', '3');
INSERT INTO `c_expression` VALUES ('EXPRESSION00000000000000004', 'FIELD000000000000000003', '计算关系', 'rule.calcRelCode', '', '', '3');
INSERT INTO `c_expression` VALUES ('EXPRESSION00000000000000005', 'FIELD000000000000000007', '计算方向', 'rule.checkDirection', '', '', '3');
INSERT INTO `c_expression` VALUES ('EXPRESSION00000000000000006', 'FIELD000000000000000008', '核销方向', 'rule.matchDirection', '', '', '3');
INSERT INTO `c_expression` VALUES ('EXPRESSION00000000000000007', 'FIELD000000000000000009', '主体ID', 'current.entityId', '', '', '3');
INSERT INTO `c_expression` VALUES ('EXPRESSION00000000000000008', 'FIELD000000000000000010', '核销序号', '', 'source(\'transMatchedSeq\')+1', '', '3');
INSERT INTO `c_expression` VALUES ('EXPRESSION00000000000000009', 'FIELD000000000000000019', '批次号', 'current.batchNo', '', '', '3');
INSERT INTO `c_expression` VALUES ('EXPRESSION00000000000000010', 'FIELD000000000000000020', '批次时间', 'current.batchTime', '', '', '3');
INSERT INTO `c_expression` VALUES ('EXPRESSION00000000000000011', 'FIELD000000000000000022', '是否参与财务效验', 'rule.isFinanceCheck', '', '', '3');
INSERT INTO `c_expression` VALUES ('EXPRESSION00000000000000012', 'FIELD000000000000000023', '交易明细ID', 'current.id', '', '', '3');
INSERT INTO `c_expression` VALUES ('EXPRESSION00000000000000013', 'FIELD000000000000000025', '生效时间', 'current.effectiveTime', '', '', '3');
INSERT INTO `c_expression` VALUES ('EXPRESSION00000000000000014', 'FIELD000000000000000004', '定位字段', 'EXPRESOURCE00000000024', '', '', '2');
INSERT INTO `c_expression` VALUES ('EXPRESSION00000000000000015', 'FIELD000000000000000005', '定位字段', 'EXPRESOURCE00000000025', '', '', '2');
INSERT INTO `c_expression` VALUES ('EXPRESSION00000000000000016', 'FIELD000000000000000006', '定位字段', 'EXPRESOURCE00000000026', '', '', '2');
INSERT INTO `c_expression` VALUES ('EXPRESSION00000000000000017', 'FIELD000000000000000021', '被核销方被核销交易号', 'current.transCode', 'source(\'transCode\')', '', '5');
INSERT INTO `c_expression` VALUES ('EXPRESSION00000000000000018', 'FIELD000000000000000021', '核销方被核销交易号', '', 'match(\'transCode\')', '', '-5');
INSERT INTO `c_expression` VALUES ('EXPRESSION00000000000000019', 'FIELD000000000000000024', '被核销方被核销明细ID', 'current.id', 'source(\'transMatchedDetailId\')', '', '5');
INSERT INTO `c_expression` VALUES ('EXPRESSION00000000000000020', 'FIELD000000000000000024', '核销方被核销明细ID', '', 'match(\'transMatchedDetailId\')', '', '-5');
INSERT INTO `c_expression` VALUES ('F0EAC5FBB8CE44BA80F840765', 'FIELD000000000000000014', '数量可被核销余额', 'EXPRESOURCE00000000007', 'EXPRESOURCE00000000008', 'qtyWaterBal', '1');
INSERT INTO `c_expression` VALUES ('F5B0D87864694779A8CF0EB84', 'FIELD000000000000000015', '金额', 'EXPRESOURCE00000000002', 'EXPRESOURCE00000000004', '', '1');
INSERT INTO `c_expression` VALUES ('F956C8E6DD3A47CEAAC2F0A7A', 'FIELD000000000000000014', '数量可被核销余额', 'EXPRESOURCE00000000007', 'EXPRESOURCE00000000008', 'qtyWaterBal', '1');
INSERT INTO `c_expression` VALUES ('FC88A76DC64A436B83CB7FAC4', 'FIELD000000000000000015', '金额', 'EXPRESOURCE00000000009', '', '', '1');

-- ----------------------------
-- Table structure for c_expression_resource
-- ----------------------------
DROP TABLE IF EXISTS `c_expression_resource`;
CREATE TABLE `c_expression_resource` (
  `ID` varchar(28) NOT NULL,
  `EXPRESSION` varchar(500) DEFAULT '' COMMENT '表达式',
  `EXPRESSION_NAME` varchar(100) DEFAULT '' COMMENT '表达式名',
  `CALC_FIELD_ID` varchar(28) NOT NULL DEFAULT '' COMMENT '字段ID',
  `TYPE` tinyint(4) NOT NULL DEFAULT '1' COMMENT '表达式类型(余额类，核销类)',
  PRIMARY KEY (`ID`)
) ENGINE=InnoDB DEFAULT CHARSET=utf8;

-- ----------------------------
-- Records of c_expression_resource
-- ----------------------------
INSERT INTO `c_expression_resource` VALUES ('EXPRESOURCE00000000001', 'current.qty', '直取数量', 'FIELD000000000000000011', '1');
INSERT INTO `c_expression_resource` VALUES ('EXPRESOURCE00000000002', 'current.amount', '直取金额', 'FIELD000000000000000015', '1');
INSERT INTO `c_expression_resource` VALUES ('EXPRESOURCE00000000003', 'source(\'qty\')', '直取数量', 'FIELD000000000000000011', '2');
INSERT INTO `c_expression_resource` VALUES ('EXPRESOURCE00000000004', 'source(\'amount\')', '直取金额', 'FIELD000000000000000015', '2');
INSERT INTO `c_expression_resource` VALUES ('EXPRESOURCE00000000005', 'current.qty*rule.checkDirection', '流水数量余额算法', 'FIELD000000000000000012', '1');
INSERT INTO `c_expression_resource` VALUES ('EXPRESOURCE00000000006', 'match(\'qtyTbMatched\')-source(\'qty\')', '流水数量核销算法', 'FIELD000000000000000012', '2');
INSERT INTO `c_expression_resource` VALUES ('EXPRESOURCE00000000007', 'rule.checkDirection*current.qty', '可被核销数量余额算法', 'FIELD000000000000000014', '1');
INSERT INTO `c_expression_resource` VALUES ('EXPRESOURCE00000000008', 'source(\'qtyTbMatched\')-match(\'qty\')', '可被核销数量核销算法', 'FIELD000000000000000014', '2');
INSERT INTO `c_expression_resource` VALUES ('EXPRESOURCE00000000009', 'current.amount-current.taxAmount', '不含税金额算法', 'FIELD000000000000000015', '1');
INSERT INTO `c_expression_resource` VALUES ('EXPRESOURCE00000000010', '(source(\'qty\')/match(\'qtyTbMatched\'))*match(\'amntTbMatched\')', '存货核销方金额核销算法', 'FIELD000000000000000015', '2');
INSERT INTO `c_expression_resource` VALUES ('EXPRESOURCE00000000011', '0', '直接赋值为0', 'FIELD000000000000000015', '1');
INSERT INTO `c_expression_resource` VALUES ('EXPRESOURCE00000000012', 'sum(\'crinvn.amount\')', '汇总成本金额算法', 'FIELD000000000000000015', '1');
INSERT INTO `c_expression_resource` VALUES ('EXPRESOURCE00000000013', 'current.amount*rule.checkDirection', '可被核销金额余额算法', 'FIELD000000000000000017', '1');
INSERT INTO `c_expression_resource` VALUES ('EXPRESOURCE00000000014', '(match(\'qtyTbMatched\')-source(\'qty\'))*match(\'amntTbMatched\')/match(\'qtyTbMatched\')', '存货-流水金额核销算法', 'FIELD000000000000000016', '2');
INSERT INTO `c_expression_resource` VALUES ('EXPRESOURCE00000000015', '(sum(\'crgvrn.amount\')+sum(\'crinvn.amount\')-sum(\'crsppl.amount\'))*rule.checkDirection', '支出费用算法', 'FIELD000000000000000017', '1');
INSERT INTO `c_expression_resource` VALUES ('EXPRESOURCE00000000016', 'current.amount*rule.checkDirection', '流水金额余额算法', 'FIELD000000000000000016', '1');
INSERT INTO `c_expression_resource` VALUES ('EXPRESOURCE00000000017', 'sum(\'crgvrn.amount\')+sum(\'crinvn.amount\')-sum(\'crsppl.amount\')', '支出费用算法', 'FIELD000000000000000015', '1');
INSERT INTO `c_expression_resource` VALUES ('EXPRESOURCE00000000018', '(source(\'qtyTbMatched\')-match(\'qty\'))*source(\'amntTbMatched\')/source(\'qtyTbMatched\')', '存货-可被核销金额核销算法', 'FIELD000000000000000017', '2');
INSERT INTO `c_expression_resource` VALUES ('EXPRESOURCE00000000019', 'source(\'amntTbMatched\')+match(\'amount\')*match(\'checkDirection\')', '可被核销金额核销算法', 'FIELD000000000000000017', '2');
INSERT INTO `c_expression_resource` VALUES ('EXPRESOURCE00000000020', 'lastStockOut(current.qty)', '最近出库法', 'FIELD000000000000000015', '1');
INSERT INTO `c_expression_resource` VALUES ('EXPRESOURCE00000000021', 'source(\'amntWaterBal\')+match(\'amntTbMatched\')', '流水余额核销算法', 'FIELD000000000000000016', '2');
INSERT INTO `c_expression_resource` VALUES ('EXPRESOURCE00000000022', '(current.amount-current.taxAmount)*rule.checkDirection', '可被核销金额不含税余额算法', 'FIELD000000000000000017', '1');
INSERT INTO `c_expression_resource` VALUES ('EXPRESOURCE00000000023', '0', '直接赋值为0', 'FIELD000000000000000017', '1');
INSERT INTO `c_expression_resource` VALUES ('EXPRESOURCE00000000024', 'current.transObjId', '定位字段', 'FIELD000000000000000004', '1');
INSERT INTO `c_expression_resource` VALUES ('EXPRESOURCE00000000025', 'current.containerId', '定位字段', 'FIELD000000000000000005', '1');
INSERT INTO `c_expression_resource` VALUES ('EXPRESOURCE00000000026', 'current.dealerId', '定位字段', 'FIELD000000000000000006', '1');
INSERT INTO `c_expression_resource` VALUES ('EXPRESOURCE00000000027', 'lastStockOut(current.qty)*rule.checkDirection', '最近出库法', 'FIELD000000000000000017', '1');
INSERT INTO `c_expression_resource` VALUES ('EXPRESOURCE00000000028', 'sum(\'crinvn.amount\')*rule.checkDirection', '汇总成本金额算法', 'FIELD000000000000000016', '1');

-- ----------------------------
-- Table structure for c_query_param
-- ----------------------------
DROP TABLE IF EXISTS `c_query_param`;
CREATE TABLE `c_query_param` (
  `ID` varchar(60) NOT NULL,
  `QUERY_NAME` varchar(60) NOT NULL DEFAULT '' COMMENT '定位字段名称',
  `OP` varchar(10) NOT NULL DEFAULT '' COMMENT '符号',
  `QUERY_VALUE` varchar(60) DEFAULT '' COMMENT '字段查询条件',
  `QUERY_CLAUSE` varchar(60) NOT NULL DEFAULT '' COMMENT '子句查询条件',
  `DATA_COLLECTOR_ID` varchar(60) NOT NULL DEFAULT '' COMMENT '数据获取器ID',
  `SORT` int(4) DEFAULT NULL,
  PRIMARY KEY (`ID`)
) ENGINE=InnoDB DEFAULT CHARSET=utf8;

-- ----------------------------
-- Records of c_query_param
-- ----------------------------
INSERT INTO `c_query_param` VALUES ('103c745e-1', 'QTY_WATER_BAL', '<', '0', 'AND', '1b4b8574-5', '1');
INSERT INTO `c_query_param` VALUES ('221eae69-7', 'EFFECTIVE_TIME', ' ', '', 'ORDER BY', 'c491413f-0', '2');
INSERT INTO `c_query_param` VALUES ('4a674777-d', 'AMNT_WATER_BAL', '<', '0', 'AND', 'ef38fec8-a', '1');
INSERT INTO `c_query_param` VALUES ('4c3b3d1d-f', 'QTY_WATER_BAL', '<', '0', 'AND', '04dfe0e8-4', '1');
INSERT INTO `c_query_param` VALUES ('5c662050-b', 'EFFECTIVE_TIME', ' ', '', 'ORDER BY', 'b11bebec-9', '3');
INSERT INTO `c_query_param` VALUES ('6b76b1a7-7', 'AMNT_WATER_BAL', '>', '0', 'AND', '30ccc188-8', '1');
INSERT INTO `c_query_param` VALUES ('70b5a7a3-4', 'AMNT_TB_MATCHED', '>', '0', 'AND', 'c491413f-0', '1');
INSERT INTO `c_query_param` VALUES ('8b08673f-2', 'QTY_TB_MATCHED', '>', '0', 'AND', 'b11bebec-9', '1');
INSERT INTO `c_query_param` VALUES ('9f1ec7de-7', 'EFFECTIVE_TIME', ' ', '', 'ORDER BY', '04dfe0e8-4', '2');
INSERT INTO `c_query_param` VALUES ('b116fcd5-2', 'EFFECTIVE_TIME', ' ', '', 'ORDER BY', '34667859-e', '2');
INSERT INTO `c_query_param` VALUES ('b6d81836-e', 'EFFECTIVE_TIME', ' ', '', 'ORDER BY', '1b4b8574-5', '2');
INSERT INTO `c_query_param` VALUES ('d085baed-9', 'EFFECTIVE_TIME', ' ', '', 'ORDER BY', 'ef38fec8-a', '2');
INSERT INTO `c_query_param` VALUES ('e1673aa5-8', 'EFFECTIVE_TIME', ' ', '', 'ORDER BY', '30ccc188-8', '2');
INSERT INTO `c_query_param` VALUES ('f46ef9a8-5', 'AMNT_TB_MATCHED', '<', '0', 'AND', '1510239c-d', '1');
INSERT INTO `c_query_param` VALUES ('fa01e024-9', 'QTY_TB_MATCHED', '>', '0', 'AND', '34667859-e', '1');
INSERT INTO `c_query_param` VALUES ('fab9eedb-4', 'EFFECTIVE_TIME', ' ', '', 'ORDER BY', '1510239c-d', '2');
INSERT INTO `c_query_param` VALUES ('ffc84342-e', 'AMNT_TB_MATCHED', '>', '0', 'AND', 'b11bebec-9', '2');

-- ----------------------------
-- Table structure for c_trans_type_fg_component_rel
-- ----------------------------
DROP TABLE IF EXISTS `c_trans_type_fg_component_rel`;
CREATE TABLE `c_trans_type_fg_component_rel` (
  `ID` varchar(60) NOT NULL,
  `TRANS_TYPE` varchar(60) DEFAULT NULL,
  `FG_CODE` varchar(60) NOT NULL DEFAULT '' COMMENT '字段组',
  `ENTITY_ID` varchar(60) DEFAULT '',
  `MATCH_REL_CODE` varchar(60) DEFAULT '' COMMENT '核销关系编码',
  `IS_DEFAULT_COMP` tinyint(4) DEFAULT '0' COMMENT '是否默认计算组件',
  `COMPONENT_CODE` varchar(60) DEFAULT '' COMMENT '计算组件ID',
  `SORT` int(11) NOT NULL DEFAULT '0' COMMENT '计算组件排序',
  PRIMARY KEY (`ID`)
) ENGINE=InnoDB DEFAULT CHARSET=utf8;

-- ----------------------------
-- Records of c_trans_type_fg_component_rel
-- ----------------------------
INSERT INTO `c_trans_type_fg_component_rel` VALUES ('0013AF2CBCBE41DB97DDC9522', 'tssalsin', 'fggvts', 'ENTITY00000000', 'noMatch', '0', 'F5EBC9FEBC454AAE920814924', '1');
INSERT INTO `c_trans_type_fg_component_rel` VALUES ('029090D24CD8448BB932DC518', 'tssalsin', 'fgewio', 'ENTITY00000000', 'noMatch', '1', 'CCA0BBE877E74044B1BC545F7', '1');
INSERT INTO `c_trans_type_fg_component_rel` VALUES ('2B4099EDA35A44078D98959F0', 'tspcrtin', 'fgepts', 'ENTITY00000000', 'noMatch', '0', 'B0F2F09D80B44170A625B23E6', '1');
INSERT INTO `c_trans_type_fg_component_rel` VALUES ('31C4C127163E4EB3BD343C097', 'tsgdslod', 'fgints000', 'ENTITY00000000', 'mtnows', '0', '112DB5C38B8041C098A761353', '2');
INSERT INTO `c_trans_type_fg_component_rel` VALUES ('37528F5BFA324C5F9CF7013AD', 'tspcrtin', 'fgewio', 'ENTITY00000000', 'mtpris', '0', '9457AF830723463F83EF9A8CF', '2');
INSERT INTO `c_trans_type_fg_component_rel` VALUES ('42D3C6095EB74C8493BF4425A', 'tsgdslod', 'fgints', 'ENTITY00000000', 'mtunph', '0', '7D6E30A2559A4552805FBDAF5', '1');
INSERT INTO `c_trans_type_fg_component_rel` VALUES ('491D45FA0D7541E8AF4AE21D3', 'tsslrtin', 'fgewii', 'ENTITY00000000', 'noMatch', '0', '451DCBCB11594C9E9FE5238E8', '2');
INSERT INTO `c_trans_type_fg_component_rel` VALUES ('5678868D16374684A887E9F48', 'tspcchin', 'fgewii', 'ENTITY00000000', 'mtniwh', '0', '22CC8AA1CFC1437681542471F', '2');
INSERT INTO `c_trans_type_fg_component_rel` VALUES ('5D186FB6B96A4B0A9ACB4116B', 'tspcchin', 'fgewii', 'ENTITY00000000', 'mtpris,mtsppl', '0', 'E20988DB8FB24FD8914D84043', '2');
INSERT INTO `c_trans_type_fg_component_rel` VALUES ('72CC3ECED5D84E01B1CB72860', 'tsslrtin', 'fgewii', 'ENTITY00000000', 'mtsrti', '0', '7A960ABE518741DB963552E6E', '2');
INSERT INTO `c_trans_type_fg_component_rel` VALUES ('7595D3553EA4493FB15AABF76', 'tspcrtin', 'fgewio', 'ENTITY00000000', 'noMatch', '1', 'CCA0BBE877E74044B1BC545F7', '1');
INSERT INTO `c_trans_type_fg_component_rel` VALUES ('7755407051FE4714AC03CD3DD', 'tspcrtin', 'fggvts', 'ENTITY00000000', 'noMatch', '0', 'F5EBC9FEBC454AAE920814924', '1');
INSERT INTO `c_trans_type_fg_component_rel` VALUES ('898651782E2543E6AC400979E', 'tspcchin', 'fgewii', 'ENTITY00000000', 'noMatch', '1', 'D31C8B2EDF3F41248B1CE7845', '1');
INSERT INTO `c_trans_type_fg_component_rel` VALUES ('94083A90CD3E4B729288A9833', 'tsslrtin', 'fggvts', 'ENTITY00000000', 'noMatch', '0', '6715DB8A543D4BBB922F46F58', '1');
INSERT INTO `c_trans_type_fg_component_rel` VALUES ('A2A6DE0E1C1B406F977123A19', 'tssalsin', 'fgewio', 'ENTITY00000000', 'mtclnt,mtsric', '0', '049DA5974B1043BBA621911F9', '2');
INSERT INTO `c_trans_type_fg_component_rel` VALUES ('B9554AD72BEC4F5AA0A263530', 'tssalsin', 'fgewio', 'ENTITY00000000', 'mtsoti,mtsrti', '0', '07323332512A43C997ED2F9F5', '2');
INSERT INTO `c_trans_type_fg_component_rel` VALUES ('BA95C8CA624F460989F74C292', 'tssalsin', 'fgewio', 'ENTITY00000000', 'noMatch', '0', '19814ABDA5DD434085258666F', '2');
INSERT INTO `c_trans_type_fg_component_rel` VALUES ('BCA8661164764686AF48594F0', 'tsslrtin', 'fgewii', 'ENTITY00000000', 'noMatch', '0', 'F927B74FEBC440EAB0C5562C7', '2');
INSERT INTO `c_trans_type_fg_component_rel` VALUES ('CA9F2C1DCEFA4E679472CD99E', 'tsslrtin', 'fgewii', 'ENTITY00000000', 'mtsric', '0', 'D228B04B93FB4BCF85DE8A67C', '2');
INSERT INTO `c_trans_type_fg_component_rel` VALUES ('D4CE042EB1AB4F8DBE08C6B64', 'tsgdslod', 'fgints000', 'ENTITY00000000', 'mtunpr', '0', 'A7E853459EDD49498D02CB843', '1');
INSERT INTO `c_trans_type_fg_component_rel` VALUES ('D562CEE7BE1643FEB732602F1', 'tsgdpsod', 'fgints', 'ENTITY00000000', 'mtunph', '0', '78650F4A435B49CFAB46C3CC7', '1');
INSERT INTO `c_trans_type_fg_component_rel` VALUES ('D58C2BA812F647CA9103B24BE', 'tspcchin', 'fggvts', 'ENTITY00000000', 'noMatch', '0', '6715DB8A543D4BBB922F46F58', '1');
INSERT INTO `c_trans_type_fg_component_rel` VALUES ('DD9EC4FA148D4CF5A42379AED', 'tspcchin', 'fgewii', 'ENTITY00000000', 'mtacti,mtprti', '0', 'D6B11164EFD8483E86B791246', '2');
INSERT INTO `c_trans_type_fg_component_rel` VALUES ('E6B3383E21FA45F2839009934', 'tsgdpsod', 'fgints', 'ENTITY00000000', 'mtniwh', '0', '7E024C408F384FE89B307FECD', '2');
INSERT INTO `c_trans_type_fg_component_rel` VALUES ('E7E877CC0F494BFD946EB15D4', 'tssalsin', 'fgewio', 'ENTITY00000000', 'noMatch', '0', '2BAFBEB09A20431BB475E9611', '2');
INSERT INTO `c_trans_type_fg_component_rel` VALUES ('EA6C8BF24FDB452F88F14575E', 'tssalsin', 'fgewio', 'ENTITY00000000', 'mtnows', '0', '006E2B6C240149DCBAF7ECA39', '2');
INSERT INTO `c_trans_type_fg_component_rel` VALUES ('F02340D96F134810BEAFDF0B0', 'tsslrtin', 'fgewii', 'ENTITY00000000', 'noMatch', '1', 'D31C8B2EDF3F41248B1CE7845', '1');
INSERT INTO `c_trans_type_fg_component_rel` VALUES ('FCCF644D63224AFAA57136509', 'tspcrtin', 'fgewio', 'ENTITY00000000', 'mtprti', '0', '1026DE7120474E8C9ABF1D3B5', '2');
INSERT INTO `c_trans_type_fg_component_rel` VALUES ('FE86A0037FE5480BB0489F9D9', 'tsgdslod', 'fgints', 'ENTITY00000000', 'mtnows', '0', '112DB5C38B8041C098A761353', '2');

-- ----------------------------
-- Table structure for fg_field
-- ----------------------------
DROP TABLE IF EXISTS `fg_field`;
CREATE TABLE `fg_field` (
  `ID` varchar(28) NOT NULL,
  `ENTITY_ID` varchar(8) DEFAULT '' COMMENT '主体ID',
  `FG_CODE` varchar(28) NOT NULL DEFAULT '' COMMENT 'Field group code ',
  `FIELD_CODE` varchar(28) NOT NULL DEFAULT '' COMMENT '为了防止FIELD_CODE重复，可以为编码规则:   OBJECT_code + "-"  FIELD NAME   ',
  `FIELD_NAME` varchar(40) NOT NULL DEFAULT '',
  `FIELD_TYPE` varchar(40) NOT NULL DEFAULT '' COMMENT '字段类型 (正整数, 日期;  单行文本, 单项选择)  ; 具体的属性，控件放在具体的表单里面(js) ',
  `VALUE` varchar(40) NOT NULL DEFAULT '' COMMENT '字段值',
  `FIELD_USAGE` varchar(40) NOT NULL DEFAULT '' COMMENT '字段用途',
  `IS_PUBLIC` tinyint(4) NOT NULL DEFAULT '0' COMMENT '是否为公用字段',
  `IS_SYSTEM` tinyint(4) NOT NULL DEFAULT '1' COMMENT '是否为系统字段',
  `SEQ` int(11) DEFAULT NULL,
  `DESCRIPTION` varchar(512) DEFAULT '' COMMENT '计算关系代码( 参考中国会计科目明细) ',
  `STATUS` tinyint(4) DEFAULT '1' COMMENT '-1 : to be archived\n               0:  表示无效. \n               1:表示有效 \n               ',
  `CRT_TIME` datetime DEFAULT NULL,
  `CREATOR` varchar(40) DEFAULT '' COMMENT '系统创建默认视图，个人创建自己的视图',
  `MOD_TIME` datetime DEFAULT NULL,
  `MODIFIER` varchar(40) DEFAULT '',
  `COMMENT` varchar(255) DEFAULT '',
  PRIMARY KEY (`ID`),
  KEY `INDEX_FG_FIELDS_FG_CODE` (`ENTITY_ID`,`FG_CODE`,`FIELD_CODE`)
) ENGINE=InnoDB DEFAULT CHARSET=utf8 COMMENT='字段组字段';

-- ----------------------------
-- Records of fg_field
-- ----------------------------
INSERT INTO `fg_field` VALUES ('0c2160be51ab47569956edea069', '', 'fgattr', 'fgattr006', '经办人', 'text', '', 'form', '1', '0', '6', '', '1', '2016-06-20 14:16:56', '', '2016-06-20 14:20:55', '', '');
INSERT INTO `fg_field` VALUES ('0ca58ff5a46f4c70bb0412d8e65', '', 'fgattr', 'fgattr003', '流程生效时间', 'text', '', 'form', '1', '0', '3', '', '1', '2016-06-20 14:15:29', '', '2016-06-20 14:19:28', '', '');
INSERT INTO `fg_field` VALUES ('1abec5844cf74a66a8751d38aa3', '', 'fgattr', 'fgattr008', '经办角色', 'text', '', 'form', '1', '0', '8', '', '1', '2016-06-20 14:17:34', '', '2016-06-20 14:21:33', '', '');
INSERT INTO `fg_field` VALUES ('1ee425c0b9014fbbbf78ca68469', '', 'fggvts', '112数', '12', 'date', '12', 'objectAndForm', '0', '0', '12', '', '1', '2016-06-21 17:54:43', '', '2016-06-21 17:54:42', '', '');
INSERT INTO `fg_field` VALUES ('204e6783208f49f0a1560e31037', '', 'fgattr', 'fgattr007', '经办组织', 'text', '', 'form', '1', '0', '7', '', '1', '2016-06-20 14:17:19', '', '2016-06-20 14:21:19', '', '');
INSERT INTO `fg_field` VALUES ('24e106745d904020a268f55e46c', '', 'fggods', 'sss', 'sss', 'text', 's', 'form', '1', '1', '1', '', '1', '2016-06-16 19:43:17', '', '2016-06-16 19:44:18', '', '');
INSERT INTO `fg_field` VALUES ('2651037cd6fe4bfa8274319f72e', '', 'cs001', '1afsadas是否', 'sdf', 'date', '是否', 'object', '1', '1', '1', '', '1', '2016-06-21 17:56:31', '', '2016-06-21 17:56:30', '', '');
INSERT INTO `fg_field` VALUES ('323c16cf11ea48749843da28dda', null, 'fgcats', 'ds', 'ds', 'text', 'sd', 'form', '0', '0', '0', null, null, '2016-06-08 18:37:05', null, null, null, 'd');
INSERT INTO `fg_field` VALUES ('3b991f4ae6fc4c929b2462efef6', null, 'fggods', 'ent', 'sdfa', 'text', 'sdf', 'form', '0', '1', '1', null, null, '2016-06-16 17:26:28', null, null, null, '');
INSERT INTO `fg_field` VALUES ('7d61573edcc2481998d786d6dbb', null, 'fgints', 'cjz', '创建者是的是', 'text', '创建者', 'object', '1', '1', '0', null, null, null, null, '2016-06-20 15:35:19', null, '是');
INSERT INTO `fg_field` VALUES ('7ea7a131aa6e4112961195f89af', null, 'fgints', 'lclx', '流程类型', 'date', '采购入库，销售出库', 'object', '1', '1', '0', null, null, null, null, '2016-06-03 15:40:56', null, '流程类型');
INSERT INTO `fg_field` VALUES ('afa545c39ccc4570bb19d8afa3a', null, 'cs', '1', '1', 'date', '', 'form', '1', '1', '2', null, null, '2016-06-16 19:02:42', null, null, null, '');
INSERT INTO `fg_field` VALUES ('bbc4deb12d7f44658c2b9efc946', null, 'fggods', 'cs001', '测试001', 'text', 'ds', 'form', '1', '1', '1', null, null, '2016-06-15 18:23:13', null, null, null, '');
INSERT INTO `fg_field` VALUES ('bbf67a0bfcc343fb9820ef57f0b', null, 'fgints', 'bdzt', '表单状态', 'text', '草稿，生效', 'object', '1', '0', '0', null, null, null, null, '2016-06-03 15:38:45', null, '表单状态');
INSERT INTO `fg_field` VALUES ('c0084d85221e4fbbb725e878179', '', 'fgattr', 'fgattr004', '状态', 'text', '', 'form', '1', '0', '4', '', '1', '2016-06-20 14:16:03', '', '2016-06-20 14:20:03', '', '');
INSERT INTO `fg_field` VALUES ('ca8d95ca5cc74640aa2c4fd65d2', '', 'fgattr', 'fgattr005', '经办主体', 'text', '', 'form', '1', '0', '5', '', '1', '2016-06-20 14:16:27', '', '2016-06-20 14:20:26', '', '');
INSERT INTO `fg_field` VALUES ('de8848fb35b8478183c8320b4f3', '', 'fgattr', 'fgattr001', '流程类型', 'text', '', 'form', '1', '0', '1', '', '1', '2016-06-20 14:14:42', '', '2016-06-20 14:18:42', '', '');
INSERT INTO `fg_field` VALUES ('ec594e19dbfe4125abd827e000d', '', 'fgattr', 'fgattr002', '流程实例编码', 'text', '', 'form', '1', '0', '2', '', '1', '2016-06-20 14:15:05', '', '2016-06-20 14:19:05', '', '');
INSERT INTO `fg_field` VALUES ('f8e25abeb2e04f999236e27c053', null, 'fggods', '交易类型', '交易类型', 'text', '交易类型', 'form', '1', '1', '1', null, null, '2016-06-16 11:13:09', null, null, null, '');

-- ----------------------------
-- Table structure for field_group
-- ----------------------------
DROP TABLE IF EXISTS `field_group`;
CREATE TABLE `field_group` (
  `ID` varchar(28) CHARACTER SET utf8 COLLATE utf8_bin NOT NULL,
  `FG_CODE` varchar(28) NOT NULL DEFAULT '' COMMENT 'Field group code ',
  `ENTITY_ID` varchar(8) NOT NULL DEFAULT '' COMMENT '主体ID',
  `FG_NAME` varchar(40) NOT NULL DEFAULT '' COMMENT 'Field group name',
  `FG_FNAME` varchar(255) NOT NULL DEFAULT '' COMMENT '字段组全称',
  `VIEW_TYPE` varchar(10) NOT NULL DEFAULT '' COMMENT 'single表示字段组的字段单一显示；multi表示字段组的字段以列表方式显示；radio表示组合字段组的字段组的单选方式；combi表示组合字段组的字段组多选方式；',
  `IS_COMPOSITE_FG` tinyint(4) NOT NULL DEFAULT '0' COMMENT '是不是子表/复合字段组; 如果是, 则为true\n            ',
  `IS_EXTENDED` tinyint(4) NOT NULL DEFAULT '1' COMMENT '是否可扩展',
  `REMARK` text COMMENT '备注',
  `FG_IN_OUT` tinyint(4) NOT NULL DEFAULT '1' COMMENT '1:表示入, in \n            2: 表示出 ,out ',
  `STATUS` tinyint(4) NOT NULL DEFAULT '1' COMMENT '-1 : to be archived\n               0:  表示无效. \n               1:表示有效 \n               ',
  `CRT_TIME` datetime NOT NULL,
  `CREATOR` varchar(40) NOT NULL DEFAULT '' COMMENT '系统创建默认视图，个人创建自己的视图',
  `MOD_TIME` datetime DEFAULT NULL,
  `MODIFIER` varchar(40) DEFAULT '',
  `COMMENT` varchar(255) DEFAULT '',
  `DESCRIPTION` text,
  PRIMARY KEY (`ID`)
) ENGINE=InnoDB DEFAULT CHARSET=utf8;

-- ----------------------------
-- Records of field_group
-- ----------------------------
INSERT INTO `field_group` VALUES ('001', 'fgewii', '000010', '存货-入', '', '', '0', '1', null, '1', '1', '2016-05-31 14:18:40', '', '2016-05-31 14:18:40', '', '', null);
INSERT INTO `field_group` VALUES ('002', 'fggvts', '000010', '税项', '', '', '0', '1', null, '1', '1', '2016-05-31 14:47:34', '', '2016-05-31 14:47:34', '', '', null);
INSERT INTO `field_group` VALUES ('003', 'fgewio', '000010', '存货-出', '', '', '0', '1', null, '1', '1', '2016-06-06 12:53:36', '', '2016-06-06 12:53:36', '', '', null);
INSERT INTO `field_group` VALUES ('004', 'fgints', '000010', '存货明细', '', '', '0', '1', null, '1', '1', '2016-06-15 19:07:21', '', '2016-06-15 19:07:21', '', '', null);
INSERT INTO `field_group` VALUES ('005', 'fgints000', '000010', '存货明细-加工', '', '', '0', '1', null, '1', '1', '2016-06-15 19:15:36', '', '2016-06-15 19:15:36', '', '', null);
INSERT INTO `field_group` VALUES ('006', 'fgepts', '000010', '支出费用', '', '', '0', '1', null, '1', '1', '2016-06-16 11:42:37', '', '2016-06-16 11:42:37', '', '', null);

-- ----------------------------
-- Table structure for match_rel
-- ----------------------------
DROP TABLE IF EXISTS `match_rel`;
CREATE TABLE `match_rel` (
  `ID` varchar(28) NOT NULL,
  `TRANS_TYPE` varchar(60) NOT NULL DEFAULT '' COMMENT '交易类型',
  `CALC_REL_CODE` varchar(60) NOT NULL DEFAULT '' COMMENT '计算关系编码',
  `MATCH_DIRECTION` tinyint(4) DEFAULT NULL COMMENT '核销方向',
  `MATCH_REL_CODE` varchar(60) NOT NULL DEFAULT '' COMMENT '核销编码',
  `ENTITY_ID` varchar(8) DEFAULT NULL,
  `STATUS` tinyint(4) DEFAULT NULL,
  `MATCH_REL_NAME` varchar(60) NOT NULL DEFAULT '' COMMENT '核销类型名称',
  `CRT_TIME` datetime DEFAULT NULL,
  `CREATOR` varchar(40) DEFAULT NULL,
  `MOD_TIME` datetime DEFAULT NULL,
  `MODIFIER` varchar(40) DEFAULT NULL,
  `COMMENT` varchar(255) DEFAULT NULL,
  `FG_CODE` varchar(28) DEFAULT NULL,
  `DESCRIPTION` varchar(512) DEFAULT '' COMMENT '描述',
  PRIMARY KEY (`ID`)
) ENGINE=InnoDB DEFAULT CHARSET=utf8;

-- ----------------------------
-- Records of match_rel
-- ----------------------------
INSERT INTO `match_rel` VALUES ('14919d3e-2', 'tssalsin', 'crnows', '-1', 'mtnows', '3', null, '待出库销售存货核销', null, null, null, null, null, null, '');
INSERT INTO `match_rel` VALUES ('15dac0c2-0829-4d5d-9424', 'tssalsin', 'crclnt', '1', 'mtclnt', '3', null, '客户往来核销', null, null, null, null, null, null, '');
INSERT INTO `match_rel` VALUES ('1cf0196f-2', 'tspcchin', 'crniwh', '-1', 'mtniwh', '3', null, '待入库采购存货核销', null, null, null, null, null, null, 'cs');
INSERT INTO `match_rel` VALUES ('2926865d-2', 'tsgdslod', 'crunpr', '1', 'mtunpr', '3', null, '待加工存货核销', null, null, null, null, null, null, '');
INSERT INTO `match_rel` VALUES ('3d6e7eaf-aae9-41f1-b876', 'tstxivso', 'crissu', '-1', 'mtsoti', '3', null, '开出销售发票核销', null, null, null, null, null, null, '');
INSERT INTO `match_rel` VALUES ('3f117ad2-449f-4c91-af17', 'tspcrtin', 'cracqu', '-1', 'mtprti', '3', null, '采购退货发票核销', null, null, null, null, null, null, 'fgcfts');
INSERT INTO `match_rel` VALUES ('49c2a3c1-15eb-4561-b7a3', 'tstxivac', 'cracqu', '-1', 'mtacti', '3', null, '获取采购发票核销', null, null, null, null, null, null, null);
INSERT INTO `match_rel` VALUES ('74f98251-35e7-406e-9cff', 'tssalsin', 'crissu', '-1', 'mtsoti', '3', null, '开出销售发票核销', null, null, null, null, null, null, '');
INSERT INTO `match_rel` VALUES ('7cd8b2a6-ab99-4723-a9fe', 'tspcchin', 'cracqu', '1', 'mtacti', '3', null, '获取采购发票核销', null, null, null, null, null, null, '');
INSERT INTO `match_rel` VALUES ('84324787-8', 'tspspsod', 'crunpr', '-1', 'mtunpr', '3', null, '待加工存货核销', null, null, null, null, null, null, '');
INSERT INTO `match_rel` VALUES ('845313df-eff5-4590-a1ff', 'tsmgcspd', 'crclnt', '-1', 'mtclnt', '3', null, '客户往来核销', null, null, null, null, null, null, '');
INSERT INTO `match_rel` VALUES ('85c521ba-1f14-46da-aada', 'tsslrtin', 'crclnt', '-1', 'mtsric', '3', null, '销售退货客户往来核销', null, null, null, null, null, null, '');
INSERT INTO `match_rel` VALUES ('8c7bea23-60a6-46c7-b9d9', 'tssalsin', 'crclnt', '1', 'mtsric', '3', null, '销售退货客户往来核销', null, null, null, null, null, null, '');
INSERT INTO `match_rel` VALUES ('9de37995-b', 'tsgdpsod', 'crniwh', '1', 'mtniwh', '3', null, '待入库采购存货核销', null, null, null, null, null, null, 'cs');
INSERT INTO `match_rel` VALUES ('b50a0d12-6bd6-4140-af48', 'tspcchin', 'crsppl', '1', 'mtsppl', '3', null, '供应商往来核销', null, null, null, null, null, null, '');
INSERT INTO `match_rel` VALUES ('b534ec24-3f5a-4e3e-bb84', 'tspcchin', 'crsppl', '1', 'mtpris', '3', null, '采购退货供应商往来核销', null, null, null, null, null, null, '');
INSERT INTO `match_rel` VALUES ('c6cbfc26-bca4-449d-ad7c', 'tspcrtin', 'crsppl', '-1', 'mtpris', '3', null, '采购退货供应商往来核销', null, null, null, null, null, null, '');
INSERT INTO `match_rel` VALUES ('d53573c7-2584-4236-8aa7', 'tsslrtin', 'crissu', '-1', 'mtsrti', '3', null, '销售退货发票核销', null, null, null, null, null, null, '');
INSERT INTO `match_rel` VALUES ('da6c0cdf-4', 'tsgdpsod', 'crunph', '-1', 'mtunph', '3', null, '待采购存货核销', null, null, null, null, null, null, '');
INSERT INTO `match_rel` VALUES ('dbe3a4be-928a-4aad-9507', 'tsmgcspy', 'crsppl', '-1', 'mtsppl', '3', null, '供应商往来核销', null, null, null, null, null, null, '');
INSERT INTO `match_rel` VALUES ('e4b8ddc9-4', 'tsgdslod', 'crunph', '1', 'mtunph', '3', null, '待采购存货核销', null, null, null, null, null, null, '');
INSERT INTO `match_rel` VALUES ('e6e37fae-8444-4cf4-9e57', 'tspcchin', 'cracqu', '1', 'mtprti', '3', null, '采购退货发票核销', null, null, null, null, null, null, '');
INSERT INTO `match_rel` VALUES ('ec5055a9-7', 'tsgdslod', 'crnows', '1', 'mtnows', '3', null, '待出库销售存货核销', null, null, null, null, null, null, 'cs');
INSERT INTO `match_rel` VALUES ('ef58be77-0e7e-443b-bde1', 'tssalsin', 'crissu', '1', 'mtsrti', '3', null, '销售退货发票核销', null, null, null, null, null, null, '');
INSERT INTO `match_rel` VALUES ('f1e0f611-0e4c-42d9-b417', 'tsslstin', 'crclnt', '1', 'mtclnt', '3', null, '客户往来核销', null, null, null, null, null, null, '');

-- ----------------------------
-- Table structure for rpobject
-- ----------------------------
DROP TABLE IF EXISTS `rpobject`;
CREATE TABLE `rpobject` (
  `ID` varchar(28) NOT NULL DEFAULT '',
  `ENTITY_ID` varchar(8) NOT NULL DEFAULT '' COMMENT '主体ID',
  `OBJ_TYPE` varchar(10) NOT NULL DEFAULT '' COMMENT '对象的类型==>字段组编码',
  `OBJ_CODE` varchar(28) NOT NULL DEFAULT '' COMMENT '对象编号; 主体地址: "ADDR“ + EntityID +  SEQ',
  `OBJ_NAME` varchar(200) NOT NULL DEFAULT '' COMMENT '对象名称',
  `OBJ_CATE` varchar(28) DEFAULT '' COMMENT '对象的分类(如果是商品，则是商品分类)',
  `OBJECT_EXT` text,
  `CUR_VERSION` tinyint(4) NOT NULL DEFAULT '1' COMMENT '是否为当前版本, 1 表示当前版本 (可以多个版本);  0 表示历史版本;  2 为草稿版本(可以直接修改而不生成新版本). ',
  `MEASURE_UNIT` varchar(8) DEFAULT '' COMMENT '单位',
  `HAS_SUB_OBJECT` tinyint(4) NOT NULL DEFAULT '1' COMMENT '是否有子对象， 1 true  (如果有BOM, 肯定有子对象, 也为true)',
  `DESCRIPTION` varchar(255) DEFAULT NULL,
  `VERSION` int(11) NOT NULL DEFAULT '1' COMMENT '版本号;  ',
  `OBJ_TAG` varchar(16) DEFAULT '' COMMENT '对象标签1(针对商品，则是商品标签)',
  `OBJ_TAG2` varchar(16) DEFAULT '' COMMENT '对象标签2(针对商品，则是应用标签:采购，销售, 加工)',
  `REFERENCE_CODE` varchar(50) DEFAULT '' COMMENT '参考Code (国富项目临时用)',
  `REFERENCE_TYPE` varchar(10) DEFAULT '' COMMENT '针对存货对象, 如果是外购 , 则为(P) , 如果是销售则为(S), 如果是自己制造则为(M)',
  `STATUS` tinyint(4) NOT NULL DEFAULT '1' COMMENT '-1 : to be archived\n               0:  表示无效. \n               1:表示有效 \n               ',
  `CRT_TIME` datetime NOT NULL,
  `CREATOR` varchar(40) NOT NULL DEFAULT '' COMMENT '系统创建默认视图，个人创建自己的视图',
  `MOD_TIME` datetime DEFAULT NULL,
  `MODIFIER` varchar(40) DEFAULT '',
  `COMMENT` varchar(255) DEFAULT '',
  PRIMARY KEY (`ID`),
  KEY `INDEX_OBJ_CODE` (`OBJ_CODE`)
) ENGINE=InnoDB DEFAULT CHARSET=utf8 COMMENT='所有字段组( 基础对象/对象关系)';

-- ----------------------------
-- Records of rpobject
-- ----------------------------
INSERT INTO `rpobject` VALUES ('20000160614GODS000092', '20000', 'Goods', 'test-200001463720056508', '笔', '01|011|0111', '{\"fginvn001\":\"20000160614GODS000092\",\"fgcflw.fgcflw001\":[\"cflw000000060001\"],\"fgcflw.fgcflw002\":[\"cflw00000006\"],\"fginvn004\":\"支\",\"fgcflw.fgcflw003\":[\"债权投资本金\"],\"fginvn005\":\"01|011|0111\",\"fgcflw.fgcflw004\":[\"现金流\"],\"fginvn002\":\"test-200001463720056508\",\"fginvn003\":\"笔\",\"fginvn008\":\"/roleplay/system/user/pic/19237410235.jpg\",\"fginvn006\":\"PO\",\"fginvn007\":\"Inventory\"}', '1', '支', '1', null, '2', 'Inventory', 'PO', null, null, '1', '2016-06-16 11:36:42', 'hefan', '2016-06-16 11:36:42', 'hefan', 'testUpdateInventoryWithBom');
INSERT INTO `rpobject` VALUES ('A01', 'rfd-001', 'Goods', 'A201605310100011', 'A052601', 'invn', '{\"fginvn001\":\"A01\",\"fginvn002\":\"A201605310100011\",\"fginvn003\":\"A052601\",\"fginvn004\":\"fginvn004Str\",\"fginvn006\":\'MA\',\"fginvn007\":\'Inventory\'}', '1', '克', '1', null, '1', 'Inventory', 'MA', '', '', '1', '2016-05-26 15:03:48', 'hefan', '2016-05-26 15:03:48', 'hefan', '测试-for-fan');
INSERT INTO `rpobject` VALUES ('A0101', 'rfd-001', 'Goods', 'A201605310100012', 'A05260101', 'invn', '{\"fginvn001\":\"A0101\",\"fginvn002\":\"A201605310100012\",\"fginvn003\":\"A05260101\",\"fginvn004\":\"fginvn004Str\",\"fginvn006\":\'MA\',\"fginvn007\":\'Inventory\'}', '1', '克', '1', null, '1', 'Inventory', 'MA', '', '', '1', '2016-05-26 15:03:48', 'hefan', '2016-05-26 15:03:48', 'hefan', '测试-for-fan');
INSERT INTO `rpobject` VALUES ('A010101', 'rfd-001', 'Goods', 'A201605310100013', 'A0526010101', 'invn', '{\"fginvn001\":\"A010101\",\"fginvn002\":\"A201605310100013\",\"fginvn003\":\"A0526010101\",\"fginvn004\":\"fginvn004Str\",\"fginvn006\":\'MA\',\"fginvn007\":\'Inventory\'}', '1', '克', '0', null, '1', 'Inventory', 'MA', '', '', '1', '2016-05-26 15:03:48', 'hefan', '2016-05-26 15:03:48', 'hefan', '测试-for-fan');
INSERT INTO `rpobject` VALUES ('A010102', 'rfd-001', 'Goods', 'A201605310100014', 'A0526010102', 'invn', '{\"fginvn001\":\"A010102\",\"fginvn002\":\"A201605310100014\",\"fginvn003\":\"A05260101012\",\"fginvn004\":\"fginvn004Str\",\"fginvn006\":\'PO\',\"fginvn007\":\'Inventory\'}', '1', '克', '0', null, '1', 'Inventory', 'PO', '', '', '1', '2016-05-26 15:03:48', 'hefan', '2016-05-26 15:03:48', 'hefan', '测试-for-fan');
INSERT INTO `rpobject` VALUES ('A0102', 'rfd-001', 'Goods', 'A201605310100015', 'A05260102', 'invn', '{\"fginvn001\":\"A0102\",\"fginvn002\":\"A201605310100015\",\"fginvn003\":\"A05260102\",\"fginvn004\":\"fginvn004Str\",\"fginvn006\":\'PO\',\"fginvn007\":\'Inventory\'}', '1', '克', '1', null, '1', 'Inventory', 'PO', '', '', '1', '2016-05-26 15:03:48', 'hefan', '2016-05-26 15:03:48', 'hefan', '测试-for-fan');
INSERT INTO `rpobject` VALUES ('A010201', 'rfd-001', 'Goods', 'A201605310100016', 'A0526010201', 'invn', '{\"fginvn001\":\"A010201\",\"fginvn002\":\"A201605310100016\",\"fginvn003\":\"A0526010201\",\"fginvn004\":\"fginvn004Str\",\"fginvn006\":\'MA\',\"fginvn007\":\'Inventory\'}', '1', '克', '0', null, '1', 'Inventory', 'MA', '', '', '1', '2016-05-26 15:03:48', 'hefan', '2016-05-26 15:03:48', 'hefan', '测试-for-fan');
INSERT INTO `rpobject` VALUES ('A010202', 'rfd-001', 'Goods', 'A201605310100017', 'A0526010202', 'invn', '{\"fginvn001\":\"A010202\",\"fginvn002\":\"A201605310100017\",\"fginvn003\":\"A0526010202\",\"fginvn004\":\"fginvn004Str\",\"fginvn006\":\'PO\',\"fginvn007\":\'Inventory\'}', '1', '克', '0', null, '1', 'Inventory', 'PO', '', '', '1', '2016-05-26 15:03:48', 'hefan', '2016-05-26 15:03:48', 'hefan', '测试-for-fan');
INSERT INTO `rpobject` VALUES ('A0103', 'rfd-001', 'Goods', 'A201605310100018', 'A05260103', 'invn', '{\"fginvn001\":\"A0103\",\"fginvn002\":\"A201605310100018\",\"fginvn003\":\"A052601\",\"fginvn004\":\"fginvn004Str\",\"fginvn006\":\'MA\',\"fginvn007\":\'Inventory\'}', '1', '克', '0', null, '1', 'Inventory', 'MA', '', '', '1', '2016-05-26 15:03:48', 'hefan', '2016-05-26 15:03:48', 'hefan', '测试-for-fan');
INSERT INTO `rpobject` VALUES ('B01', 'rfd-001', 'Goods', 'B201605310100021', 'B052601', 'invn', '{\"fginvn001\":\"B01\",\"fginvn002\":\"B201605310100021\",\"fginvn003\":\"B052601\",\"fginvn004\":\"fginvn004Str\",\"fginvn006\":\'MA\',\"fginvn007\":\'Inventory\'}', '1', '', '1', null, '1', 'Inventory', 'MA', '', '', '1', '2016-05-26 15:03:48', 'hefan', '2016-05-26 15:03:48', 'hefan', '??-for-fan');
INSERT INTO `rpobject` VALUES ('B0101', 'rfd-001', 'Goods', 'B201605310100022', 'B05260101', 'invn', '{\"fginvn001\":\"B0101\",\"fginvn002\":\"B201605310100022\",\"fginvn003\":\"B05260101\",\"fginvn004\":\"fginvn004Str\",\"fginvn006\":\'MA\',\"fginvn007\":\'Inventory\'}', '1', '', '1', null, '1', 'Inventory', 'MA', '', '', '1', '2016-05-26 15:03:48', 'hefan', '2016-05-26 15:03:48', 'hefan', '??-for-fan');
INSERT INTO `rpobject` VALUES ('B010101', 'rfd-001', 'Goods', 'B201605310100023', 'B0526010101', 'invn', '{\"fginvn001\":\"B010101\",\"fginvn002\":\"B201605310100023\",\"fginvn003\":\"B0526010101\",\"fginvn004\":\"fginvn004Str\",\"fginvn006\":\'PO\',\"fginvn007\":\'Inventory\'}', '1', '', '0', null, '1', 'Inventory', 'MA', '', '', '1', '2016-05-26 15:03:48', 'hefan', '2016-05-26 15:03:48', 'hefan', '??-for-fan');
INSERT INTO `rpobject` VALUES ('B010102', 'rfd-001', 'Goods', 'B201605310100024', 'B0526010102', 'invn', '{\"fginvn001\":\"B010102\",\"fginvn002\":\"B201605310100024\",\"fginvn003\":\"B0526010102\",\"fginvn004\":\"fginvn004Str\",\"fginvn006\":\'MA\',\"fginvn007\":\'Inventory\'}', '1', '', '0', null, '1', 'Inventory', 'PO', '', '', '1', '2016-05-26 15:03:48', 'hefan', '2016-05-26 15:03:48', 'hefan', '??-for-fan');
INSERT INTO `rpobject` VALUES ('B0102', 'rfd-001', 'Goods', 'B201605310100025', 'B05260102', 'invn', '{\"fginvn001\":\"B0102\",\"fginvn002\":\"B201605310100025\",\"fginvn003\":\"B05260102\",\"fginvn004\":\"fginvn004Str\",\"fginvn006\":\'MA\',\"fginvn007\":\'Inventory\'}', '1', '', '1', null, '1', 'Inventory', 'MA', '', '', '1', '2016-05-26 15:03:48', 'hefan', '2016-05-26 15:03:48', 'hefan', '??-for-fan');
INSERT INTO `rpobject` VALUES ('B010201', 'rfd-001', 'Goods', 'B201605310100026', 'B0526010201', 'invn', '{\"fginvn001\":\"B010201\",\"fginvn002\":\"B201605310100026\",\"fginvn003\":\"B0526010201\",\"fginvn004\":\"fginvn004Str\",\"fginvn006\":\'PO\',\"fginvn007\":\'Inventory\'}', '1', '', '0', null, '1', 'Inventory', 'MA', '', '', '1', '2016-05-26 15:03:48', 'hefan', '2016-05-26 15:03:48', 'hefan', '??-for-fan');
INSERT INTO `rpobject` VALUES ('C01', 'rfd-001', 'Goods', 'B201605310100031', 'C052601', 'invn', '{\"fginvn001\":\"C01\",\"fginvn002\":\"B201605310100031\",\"fginvn003\":\"C052601\",\"fginvn004\":\"fginvn004Str\",\"fginvn006\":\'MA\',\"fginvn007\":\'Inventory\'}', '1', '', '1', null, '1', 'Inventory', 'MA', '', '', '1', '2016-05-26 15:03:48', 'hefan', '2016-05-26 15:03:48', 'hefan', '??-for-fan');
INSERT INTO `rpobject` VALUES ('C0101', 'rfd-001', 'Goods', 'B201605310100032', 'C05260101', 'invn', '{\"fginvn001\":\"C0101\",\"fginvn002\":\"B201605310100032\",\"fginvn003\":\"C05260101\",\"fginvn004\":\"fginvn004Str\",\"fginvn006\":\'MA\',\"fginvn007\":\'Inventory\'}', '1', '', '1', null, '1', 'Inventory', 'MA', '', '', '1', '2016-05-26 15:03:48', 'hefan', '2016-05-26 15:03:48', 'hefan', '??-for-fan');
INSERT INTO `rpobject` VALUES ('C0102', 'rfd-001', 'Goods', 'B201605310100033', 'C05260102', 'invn', '{\"fginvn001\":\"C0102\",\"fginvn002\":\"B201605310100033\",\"fginvn003\":\"C05260102\",\"fginvn004\":\"fginvn004Str\",\"fginvn006\":\'MA\',\"fginvn007\":\'Inventory\'}', '1', '', '1', null, '1', 'Inventory', 'MA', '', '', '1', '2016-05-26 15:03:48', 'hefan', '2016-05-26 15:03:48', 'hefan', '??-for-fan');
INSERT INTO `rpobject` VALUES ('C0103', 'rfd-001', 'Goods', 'B201605310100034', 'C05260103', 'invn', '{\"fginvn001\":\"C0103\",\"fginvn002\":\"B201605310100034\",\"fginvn003\":\"C05260103\",\"fginvn004\":\"fginvn004Str\",\"fginvn006\":\'MA\',\"fginvn007\":\'Inventory\'}', '1', '', '1', null, '1', 'Inventory', 'MA', '', '', '1', '2016-05-26 15:03:48', 'hefan', '2016-05-26 15:03:48', 'hefan', '??-for-fan');
INSERT INTO `rpobject` VALUES ('jack-test001', 'rfd-001', 'E_ADDRESS', 'address001', '新浩e都001', '', '{\"addressType\":\"Office\"}', '1', '', '1', null, '1', '', '', '', 'jack', '1', '2016-04-13 15:17:25', 'jack', '2016-04-13 15:17:36', 'jack', 'jack');
INSERT INTO `rpobject` VALUES ('jack-test002', 'rfd-001', 'E_ADDRESS', 'address002', '新浩e都002', '', '{\"addressType\":1}', '1', '', '1', null, '1', '', '', '', 'jack', '1', '2016-04-13 15:17:28', 'jack', '2016-04-13 15:17:38', 'jack', 'jack');
INSERT INTO `rpobject` VALUES ('jack-test004', 'rfd002', 'E_ACCOUNT', 'account002', '资金账户2', '', '{\"ownerName\":\"zijin\"}', '1', '', '1', null, '1', '', '', '', 'jack', '1', '2016-04-13 15:17:28', 'jack', '2016-04-13 15:17:38', 'jack', 'jack');
INSERT INTO `rpobject` VALUES ('rfd-001160524PLEN020011', 'rfd-001', '16', 'rfd-001160524PLEN020012', '费用测试-修改', null, '描述', '1', null, '0', null, '1', null, null, null, null, '1', '2016-05-24 11:40:23', 'jack', '2016-05-24 11:36:45', 'jack', 'jack test');
INSERT INTO `rpobject` VALUES ('rfd-001160524PLEN020015', 'rfd-001', '16', 'rfd-001160524PLEN020016', '费用测试', null, null, '1', null, '0', null, '1', null, null, null, null, '1', '2016-05-24 11:36:45', 'jack', '2016-05-24 11:36:45', 'jack', 'jack test');
INSERT INTO `rpobject` VALUES ('rfd-001160524PLEN020018', 'rfd-001', '17', 'rfd-001160524PLEN020019', '费用测试', null, null, '1', null, '0', null, '1', null, null, null, null, '1', '2016-05-24 11:36:45', 'jack', '2016-05-24 11:36:45', 'jack', 'jack test');
INSERT INTO `rpobject` VALUES ('rfd-001160603COST000027', 'rfd-001', '16', 'rfd-001160603COST000028', '费用测试', null, null, '1', null, '0', null, '1', null, null, null, null, '1', '2016-06-03 19:06:48', 'jack', '2016-06-03 19:06:48', 'jack', 'jack test');
INSERT INTO `rpobject` VALUES ('rfd-001160603COST000029', 'rfd-001', '16', 'rfd-001160603COST000030', '费用测试', null, null, '1', null, '0', null, '1', null, null, null, null, '1', '2016-06-03 19:36:42', 'jack', '2016-06-03 19:36:42', 'jack', 'jack test');
INSERT INTO `rpobject` VALUES ('rfd-001160603COST000031', 'rfd-001', '16', 'rfd-001160603COST000032', '费用测试', null, null, '1', null, '0', null, '1', null, null, null, null, '1', '2016-06-06 09:37:20', 'jack', '2016-06-06 09:37:20', 'jack', 'jack test');
INSERT INTO `rpobject` VALUES ('rfd-001160603COST000033', 'rfd-001', '16', 'rfd-001160603COST000034', '费用测试', null, null, '1', null, '0', null, '1', null, null, null, null, '1', '2016-06-06 10:06:50', 'jack', '2016-06-06 10:06:50', 'jack', 'jack test');
INSERT INTO `rpobject` VALUES ('rfd-001160606ADDR000001', 'rfd-001', 'E_ADDRESS', 'rfd-001160606ADDR000002', '地址名称', null, '{\"contactUserName\":\"联系人名称\",\"addressType\":\"Sale\",\"contactTel\":\"110\"}', '1', null, '0', null, '1', null, null, null, null, '1', '2016-06-06 17:35:02', 'jack', '2016-06-13 18:06:49', 'jack', '华南城');
INSERT INTO `rpobject` VALUES ('rfd-001160606ADDR000005', 'rfd-001', 'E_ADDRESS', 'rfd-001160606ADDR000006', '地址名称', null, '{\"contactUserName\":\"联系人名称\",\"addressType\":\"Sale\",\"contactTel\":\"110\"}', '1', null, '0', null, '1', null, null, null, null, '1', '2016-06-06 18:06:49', 'jack', '2016-06-06 18:06:49', null, '华南城');
INSERT INTO `rpobject` VALUES ('rfd-001160606COST000001', 'rfd-001', '16', 'rfd-001160606COST000002', '费用测试', null, null, '1', null, '0', null, '1', null, null, null, null, '1', '2016-06-06 11:06:34', 'jack', '2016-06-06 11:06:34', 'jack', 'jack test');
INSERT INTO `rpobject` VALUES ('rfd-001160606COST000003', 'rfd-001', '16', 'rfd-001160606COST000004', '费用测试', null, null, '1', null, '0', null, '1', null, null, null, null, '1', '2016-06-06 11:07:31', 'jack', '2016-06-06 11:07:31', 'jack', 'jack test');
INSERT INTO `rpobject` VALUES ('rfd-001160606COST000005', 'rfd-001', '16', 'rfd-001160606COST000006', '费用测试', null, null, '1', null, '0', null, '1', null, null, null, null, '1', '2016-06-06 17:06:51', 'jack', '2016-06-06 17:06:51', 'jack', 'jack test');
INSERT INTO `rpobject` VALUES ('rfd-001160606COST000007', 'rfd-001', '16', 'rfd-001160606COST000008', '费用测试', null, null, '1', null, '0', null, '1', null, null, null, null, '1', '2016-06-06 17:36:48', 'jack', '2016-06-06 17:36:48', 'jack', 'jack test');
INSERT INTO `rpobject` VALUES ('rfd-001160606COST000009', 'rfd-001', '16', 'rfd-001160606COST000010', '费用测试', null, null, '1', null, '0', null, '1', null, null, null, null, '1', '2016-06-06 18:36:47', 'jack', '2016-06-06 18:36:47', 'jack', 'jack test');
INSERT INTO `rpobject` VALUES ('rfd-001160606COST000011', 'rfd-001', '16', 'rfd-001160606COST000012', '费用测试', null, null, '1', null, '0', null, '1', null, null, null, null, '1', '2016-06-06 19:06:47', 'jack', '2016-06-06 19:06:47', 'jack', 'jack test');
INSERT INTO `rpobject` VALUES ('rfd-001160607COST000001', 'rfd-001', '16', 'rfd-001160607COST000002', '费用测试', null, null, '1', null, '0', null, '1', null, null, null, null, '1', '2016-06-07 10:37:39', 'jack', '2016-06-07 10:37:39', 'jack', 'jack test');
INSERT INTO `rpobject` VALUES ('rfd-001160607COST000003', 'rfd-001', '16', 'rfd-001160607COST000004', '费用测试', null, null, '1', null, '0', null, '1', null, null, null, null, '1', '2016-06-07 11:37:01', 'jack', '2016-06-07 11:37:01', 'jack', 'jack test');
INSERT INTO `rpobject` VALUES ('rfd-001160607COST000005', 'rfd-001', '16', 'rfd-001160607COST000006', '费用测试', null, null, '1', null, '0', null, '1', null, null, null, null, '1', '2016-06-07 14:06:45', 'jack', '2016-06-07 14:06:45', 'jack', 'jack test');
INSERT INTO `rpobject` VALUES ('rfd-001160607COST000007', 'rfd-001', '16', 'rfd-001160607COST000008', '费用测试', null, null, '1', null, '0', null, '1', null, null, null, null, '1', '2016-06-07 14:36:47', 'jack', '2016-06-07 14:36:47', 'jack', 'jack test');
INSERT INTO `rpobject` VALUES ('rfd-001160607COST000009', 'rfd-001', '16', 'rfd-001160607COST000010', '费用测试', null, null, '1', null, '0', null, '1', null, null, null, null, '1', '2016-06-07 15:06:42', 'jack', '2016-06-07 15:06:42', 'jack', 'jack test');
INSERT INTO `rpobject` VALUES ('rfd-001160607COST000011', 'rfd-001', '16', 'rfd-001160607COST000012', '费用测试', null, null, '1', null, '0', null, '1', null, null, null, null, '1', '2016-06-07 16:36:49', 'jack', '2016-06-07 16:36:49', 'jack', 'jack test');
INSERT INTO `rpobject` VALUES ('rfd-001160607COST000013', 'rfd-001', '16', 'rfd-001160607COST000014', '费用测试', null, null, '1', null, '0', null, '1', null, null, null, null, '1', '2016-06-07 17:06:52', 'jack', '2016-06-07 17:06:52', 'jack', 'jack test');
INSERT INTO `rpobject` VALUES ('rfd-001160607COST000015', 'rfd-001', '16', 'rfd-001160607COST000016', '费用测试', null, null, '1', null, '0', null, '1', null, null, null, null, '1', '2016-06-07 17:36:49', 'jack', '2016-06-07 17:36:49', 'jack', 'jack test');
INSERT INTO `rpobject` VALUES ('rfd-001160607COST000017', 'rfd-001', '16', 'rfd-001160607COST000018', '费用测试', null, null, '1', null, '0', null, '1', null, null, null, null, '1', '2016-06-07 18:07:02', 'jack', '2016-06-07 18:07:02', 'jack', 'jack test');
INSERT INTO `rpobject` VALUES ('rfd-001160607COST000019', 'rfd-001', '16', 'rfd-001160607COST000020', '费用测试', null, null, '1', null, '0', null, '1', null, null, null, null, '1', '2016-06-07 18:36:57', 'jack', '2016-06-07 18:36:57', 'jack', 'jack test');
INSERT INTO `rpobject` VALUES ('rfd-001160607COST000021', 'rfd-001', '16', 'rfd-001160607COST000022', '费用测试', null, null, '1', null, '0', null, '1', null, null, null, null, '1', '2016-06-07 19:36:52', 'jack', '2016-06-07 19:36:52', 'jack', 'jack test');
INSERT INTO `rpobject` VALUES ('rfd-001160608COST000001', 'rfd-001', '16', 'rfd-001160608COST000002', '费用测试', null, null, '1', null, '0', null, '1', null, null, null, null, '1', '2016-06-08 11:07:24', 'jack', '2016-06-08 11:07:24', 'jack', 'jack test');
INSERT INTO `rpobject` VALUES ('rfd-001160608COST000003', 'rfd-001', '16', 'rfd-001160608COST000004', '费用测试', null, null, '1', null, '0', null, '1', null, null, null, null, '1', '2016-06-08 12:06:48', 'jack', '2016-06-08 12:06:48', 'jack', 'jack test');
INSERT INTO `rpobject` VALUES ('rfd-001160608COST000005', 'rfd-001', '16', 'rfd-001160608COST000006', '费用测试', null, null, '1', null, '0', null, '1', null, null, null, null, '1', '2016-06-08 12:36:41', 'jack', '2016-06-08 12:36:41', 'jack', 'jack test');
INSERT INTO `rpobject` VALUES ('rfd-001160608COST000007', 'rfd-001', '16', 'rfd-001160608COST000008', '费用测试', null, null, '1', null, '0', null, '1', null, null, null, null, '1', '2016-06-08 14:06:56', 'jack', '2016-06-08 14:06:56', 'jack', 'jack test');
INSERT INTO `rpobject` VALUES ('rfd-001160608COST000009', 'rfd-001', '16', 'rfd-001160608COST000010', '费用测试', null, null, '1', null, '0', null, '1', null, null, null, null, '0', '2016-06-08 14:15:01', 'jack', '2016-06-08 14:15:01', 'jack', 'jack test');
INSERT INTO `rpobject` VALUES ('rfd-001160608COST000011', 'rfd-001', '16', 'rfd-001160608COST000012', '费用测试', null, null, '1', null, '0', null, '1', null, null, null, null, '0', '2016-06-08 17:07:02', 'jack', '2016-06-08 17:07:02', 'jack', 'jack test');
INSERT INTO `rpobject` VALUES ('rfd-001160608COST000015', 'rfd-001', '16', 'rfd-001160608COST000016', 'yctest', null, 'sdfsdf', '1', null, '0', null, '1', null, null, null, null, '0', '2016-06-09 16:50:05', '20111160429PLEN020002', '2016-06-09 16:50:05', null, null);
INSERT INTO `rpobject` VALUES ('rfd-001160608COST000021', 'rfd-001', '16', 'rfd-001160608COST000022', '费用测试', null, null, '1', null, '0', null, '1', null, null, null, null, '1', '2016-06-09 18:37:21', 'jack', '2016-06-09 18:37:21', 'jack', 'jack test');
INSERT INTO `rpobject` VALUES ('rfd-001160612COST000001', 'rfd-001', '16', 'rfd-001160612COST000002', '费用测试', null, null, '1', null, '0', null, '1', null, null, null, null, '1', '2016-06-12 11:07:05', 'jack', '2016-06-12 11:07:05', 'jack', 'jack test');
INSERT INTO `rpobject` VALUES ('rfd-001160612COST000003', 'rfd-001', '16', 'rfd-001160612COST000004', '费用测试', null, null, '1', null, '0', null, '1', null, null, null, null, '1', '2016-06-12 11:15:14', 'jack', '2016-06-12 11:15:14', 'jack', 'jack test');
INSERT INTO `rpobject` VALUES ('rfd-001160612COST000005', 'rfd-001', '17', 'rfd-001160612COST000006', '????1', null, '??', '1', null, '0', null, '1', null, null, null, null, '0', '2016-06-12 15:17:39', '20111160429PLEN020002', '2016-06-12 15:12:45', null, null);
INSERT INTO `rpobject` VALUES ('rfd-001160612COST000007', 'rfd-001', '16', 'rfd-001160612COST000008', '费用测试', null, null, '1', null, '0', null, '1', null, null, null, null, '1', '2016-06-12 15:36:54', 'jack', '2016-06-12 15:36:54', 'jack', 'jack test');
INSERT INTO `rpobject` VALUES ('rfd-001160612COST000009', 'rfd-001', '16', 'rfd-001160612COST000010', '费用测试', null, null, '1', null, '0', null, '1', null, null, null, null, '1', '2016-06-12 16:06:57', 'jack', '2016-06-12 16:06:57', 'jack', 'jack test');
INSERT INTO `rpobject` VALUES ('rfd-001160612COST000011', 'rfd-001', '16', 'rfd-001160612COST000012', '费用测试', null, null, '1', null, '0', null, '1', null, null, null, null, '1', '2016-06-12 16:37:05', 'jack', '2016-06-12 16:37:05', 'jack', 'jack test');
INSERT INTO `rpobject` VALUES ('rfd-001160612COST000013', 'rfd-001', '16', 'rfd-001160612COST000014', '费用测试', null, null, '1', null, '0', null, '1', null, null, null, null, '0', '2016-06-12 17:07:06', 'jack', '2016-06-12 17:07:06', 'jack', 'jack test');
INSERT INTO `rpobject` VALUES ('rfd-001160612COST000015', 'rfd-001', '16', 'rfd-001160612COST000016', '费用测试', null, null, '1', null, '0', null, '1', null, null, null, null, '0', '2016-06-12 17:37:02', 'jack', '2016-06-12 17:37:02', 'jack', 'jack test');
INSERT INTO `rpobject` VALUES ('rfd-001160612COST000017', 'rfd-001', '16', 'rfd-001160612COST000018', 'yctest', null, '101010', '1', null, '0', null, '1', null, null, null, null, '0', '2016-06-12 17:56:45', '20111160429PLEN020002', '2016-06-12 17:51:48', null, null);
INSERT INTO `rpobject` VALUES ('rfd-001160612COST000019', 'rfd-001', '16', 'rfd-001160612COST000020', '费用测试', null, null, '1', null, '0', null, '1', null, null, null, null, '1', '2016-06-12 18:07:00', 'jack', '2016-06-12 18:07:00', 'jack', 'jack test');
INSERT INTO `rpobject` VALUES ('rfd-001160612COST000021', 'rfd-001', '16', 'rfd-001160612COST000022', '费用测试', null, null, '1', null, '0', null, '1', null, null, null, null, '1', '2016-06-12 18:36:55', 'jack', '2016-06-12 18:36:55', 'jack', 'jack test');
INSERT INTO `rpobject` VALUES ('rfd-001160613COST000001', 'rfd-001', '16', 'rfd-001160613COST000002', '费用测试', null, null, '1', null, '0', null, '1', null, null, null, null, '1', '2016-06-13 10:07:29', 'jack', '2016-06-13 10:07:29', 'jack', 'jack test');
INSERT INTO `rpobject` VALUES ('rfd-001160613COST000003', 'rfd-001', '16', 'rfd-001160613COST000004', '费用测试', null, null, '1', null, '0', null, '1', null, null, null, null, '1', '2016-06-13 11:07:16', 'jack', '2016-06-13 11:07:16', 'jack', 'jack test');
INSERT INTO `rpobject` VALUES ('rfd-001160613COST000005', 'rfd-001', '16', 'rfd-001160613COST000006', '费用测试', null, null, '1', null, '0', null, '1', null, null, null, null, '1', '2016-06-13 12:07:04', 'jack', '2016-06-13 12:07:04', 'jack', 'jack test');
INSERT INTO `rpobject` VALUES ('rfd-001160613COST000007', 'rfd-001', '16', 'rfd-001160613COST000008', '费用测试', null, null, '1', null, '0', null, '1', null, null, null, null, '1', '2016-06-13 13:02:08', 'jack', '2016-06-13 13:02:08', 'jack', 'jack test');
INSERT INTO `rpobject` VALUES ('rfd-001160613COST000009', 'rfd-001', '16', 'rfd-001160613COST000010', '费用测试', null, null, '1', null, '0', null, '1', null, null, null, null, '1', '2016-06-13 14:06:48', 'jack', '2016-06-13 14:06:48', 'jack', 'jack test');
INSERT INTO `rpobject` VALUES ('rfd-001160613COST000011', 'rfd-001', '16', 'rfd-001160613COST000012', '费用测试', null, null, '1', null, '0', null, '1', null, null, null, null, '1', '2016-06-13 14:14:30', 'jack', '2016-06-13 14:14:30', 'jack', 'jack test');
INSERT INTO `rpobject` VALUES ('rfd-001160613COST000013', 'rfd-001', '16', 'rfd-001160613COST000014', '费用测试', null, null, '1', null, '0', null, '1', null, null, null, null, '1', '2016-06-13 14:38:19', 'jack', '2016-06-13 14:38:19', 'jack', 'jack test');
INSERT INTO `rpobject` VALUES ('rfd-001160613COST000015', 'rfd-001', '16', 'rfd-001160613COST000016', '费用测试', null, null, '1', null, '0', null, '1', null, null, null, null, '1', '2016-06-13 14:45:13', 'jack', '2016-06-13 14:45:13', 'jack', 'jack test');
INSERT INTO `rpobject` VALUES ('rfd-001160613COST000017', 'rfd-001', '16', 'rfd-001160613COST000018', '费用测试', null, null, '1', null, '0', null, '1', null, null, null, null, '1', '2016-06-13 15:06:51', 'jack', '2016-06-13 15:06:51', 'jack', 'jack test');
INSERT INTO `rpobject` VALUES ('rfd-001160613COST000019', 'rfd-001', '16', 'rfd-001160613COST000020', '费用测试', null, null, '1', null, '0', null, '1', null, null, null, null, '1', '2016-06-13 15:37:12', 'jack', '2016-06-13 15:37:12', 'jack', 'jack test');
INSERT INTO `rpobject` VALUES ('rfd-001160613COST000021', 'rfd-001', '16', 'rfd-001160613COST000022', '费用测试', null, null, '1', null, '0', null, '1', null, null, null, null, '1', '2016-06-13 16:36:57', 'jack', '2016-06-13 16:36:57', 'jack', 'jack test');
INSERT INTO `rpobject` VALUES ('rfd-001160613COST000023', 'rfd-001', '16', 'rfd-001160613COST000024', '费用测试', null, null, '1', null, '0', null, '1', null, null, null, null, '1', '2016-06-13 17:06:46', 'jack', '2016-06-13 17:06:46', 'jack', 'jack test');
INSERT INTO `rpobject` VALUES ('rfd-001160613COST000025', 'rfd-001', '16', 'rfd-001160613COST000026', '费用测试', null, null, '1', null, '0', null, '1', null, null, null, null, '1', '2016-06-13 17:36:49', 'jack', '2016-06-13 17:36:49', 'jack', 'jack test');
INSERT INTO `rpobject` VALUES ('rfd-001160613COST000027', 'rfd-001', '16', 'rfd-001160613COST000028', '费用测试', null, null, '1', null, '0', null, '1', null, null, null, null, '1', '2016-06-13 18:06:49', 'jack', '2016-06-13 18:06:49', 'jack', 'jack test');
INSERT INTO `rpobject` VALUES ('rfd-001160613COST000029', 'rfd-001', '16', 'rfd-001160613COST000030', '费用测试', null, null, '1', null, '0', null, '1', null, null, null, null, '1', '2016-06-13 18:36:48', 'jack', '2016-06-13 18:36:48', 'jack', 'jack test');
INSERT INTO `rpobject` VALUES ('rfd-001160613COST000031', 'rfd-001', '16', 'rfd-001160613COST000032', '费用测试', null, null, '1', null, '0', null, '1', null, null, null, null, '1', '2016-06-13 19:06:54', 'jack', '2016-06-13 19:06:54', 'jack', 'jack test');
INSERT INTO `rpobject` VALUES ('rfd-001160614ADDR000001', 'rfd-001', 'E_ADDRESS', 'rfd-001160614ADDR000002', 'test1', null, '{\"addressType\":\"\"}', '1', null, '0', null, '1', null, null, null, null, '1', '2016-06-14 18:56:28', 'rfd-001160614SYUS000005', '2016-06-14 18:56:28', null, '??? ??? ???');
INSERT INTO `rpobject` VALUES ('rfd-001160614COST000001', 'rfd-001', '16', 'rfd-001160614COST000002', '????35', null, null, '1', null, '0', null, '1', null, null, null, null, '0', '2016-06-14 14:28:53', '20111160429PLEN020002', '2016-06-14 11:37:36', 'jack', 'jack test');
INSERT INTO `rpobject` VALUES ('rfd-001160614COST000003', 'rfd-001', '16', 'rfd-001160614COST000004', '????', null, null, '1', null, '0', null, '1', null, null, null, null, '0', '2016-06-14 14:28:41', '20111160429PLEN020002', '2016-06-14 12:06:49', 'jack', 'jack test');
INSERT INTO `rpobject` VALUES ('rfd-001160614COST000005', 'rfd-001', '16', 'rfd-001160614COST000006', '????', null, null, '1', null, '0', null, '1', null, null, null, null, '0', '2016-06-14 14:28:11', '20111160429PLEN020002', '2016-06-14 14:28:11', null, null);
INSERT INTO `rpobject` VALUES ('rfd-001160614COST000007', 'rfd-001', '16', 'rfd-001160614COST000008', '费用测试', null, null, '1', null, '0', null, '1', null, null, null, null, '1', '2016-06-14 18:06:50', 'jack', '2016-06-14 18:06:50', 'jack', 'jack test');
INSERT INTO `rpobject` VALUES ('rfd-001160614COST000009', 'rfd-001', '16', 'rfd-001160614COST000010', '费用测试', null, null, '1', null, '0', null, '1', null, null, null, null, '1', '2016-06-14 19:06:51', 'jack', '2016-06-14 19:06:51', 'jack', 'jack test');
INSERT INTO `rpobject` VALUES ('rfd-001160614COST000011', 'rfd-001', '16', 'rfd-001160614COST000012', 'a', null, null, '1', null, '0', null, '1', null, null, null, null, '0', '2016-06-14 19:11:37', 'rfd-001160614SYUS000005', '2016-06-14 19:11:37', null, null);
INSERT INTO `rpobject` VALUES ('rfd-001160614COST000013', 'rfd-001', '16', 'rfd-001160614COST000014', '费用测试', null, null, '1', null, '0', null, '1', null, null, null, null, '1', '2016-06-14 20:06:49', 'jack', '2016-06-14 20:06:49', 'jack', 'jack test');
INSERT INTO `rpobject` VALUES ('rfd-001160614COST000015', 'rfd-001', '16', 'rfd-001160614COST000016', '22', null, null, '1', null, '0', null, '1', null, null, null, null, '1', '2016-06-15 09:34:37', '20111160429PLEN020002', '2016-06-15 09:34:37', null, null);
INSERT INTO `rpobject` VALUES ('rfd-001160614COST000017', 'rfd-001', '16', 'rfd-001160614COST000018', '费用测试', null, null, '1', null, '0', null, '1', null, null, null, null, '1', '2016-06-15 10:06:49', 'jack', '2016-06-15 10:06:49', 'jack', 'jack test');
INSERT INTO `rpobject` VALUES ('rfd-001160614COST000019', 'rfd-001', '16', 'rfd-001160614COST000020', '费用测试', null, null, '1', null, '0', null, '1', null, null, null, null, '1', '2016-06-16 11:07:27', 'jack', '2016-06-16 11:07:27', 'jack', 'jack test');
INSERT INTO `rpobject` VALUES ('rfd-001160614COST000021', 'rfd-001', '16', 'rfd-001160614COST000022', '费用测试', null, null, '1', null, '0', null, '1', null, null, null, null, '1', '2016-06-16 11:36:53', 'jack', '2016-06-16 11:36:53', 'jack', 'jack test');
INSERT INTO `rpobject` VALUES ('test-20000160525PLEN020057', '20000', 'Goods', 'inventoryDto', '笔', '01|011|0111', '{\"fggods007\":\"Inventory\",\"fggods006\":\"PO\",\"fggods005\":\"invn\",\"fgcflw.fgcflw001\":[\"cflw000000060001\"],\"fggods004\":\"/roleplay/system/user/pic/19237410235.jpg\",\"fgcflw.fgcflw002\":[\"cflw00000006\"],\"fggods003\":\"inventoryDto\",\"fgcflw.fgcflw003\":[\"债权投资本金\"],\"fggods002\":\"笔\",\"fgcflw.fgcflw004\":[\"现金流\"],\"fggods008\":\"支\"}', '1', '', '1', null, '1', 'Inventory', 'PO', '', '', '1', '2016-06-16 11:36:42', 'hefan', '2016-06-16 11:36:42', 'hefan', 'inventorytest');
INSERT INTO `rpobject` VALUES ('test-BiGan001', '20000', 'Goods', 'inventoryDto', '笔', '01|011|0112', '{\"fggods007\":\"Inventory\",\"fggods006\":\"PO\",\"fggods005\":\"invn\",\"fgcflw.fgcflw001\":[\"cflw000000060001\"],\"fggods004\":\"/roleplay/system/user/pic/19237410235.jpg\",\"fgcflw.fgcflw002\":[\"cflw00000006\"],\"fggods003\":\"inventoryDto\",\"fgcflw.fgcflw003\":[\"债权投资本金\"],\"fggods002\":\"笔\",\"fgcflw.fgcflw004\":[\"现金流\"],\"fggods008\":\"支\"}', '1', '', '1', null, '1', 'Inventory', 'PO', '', '', '1', '2016-06-16 11:36:42', 'hefan', '2016-06-16 11:36:42', 'hefan', 'inventorytest');
INSERT INTO `rpobject` VALUES ('test-gan', '20000', 'Goods', 'inventoryDto', '笔', '01|012|0113', '{\"fggods007\":\"Inventory\",\"fggods006\":\"PO\",\"fggods005\":\"invn\",\"fgcflw.fgcflw001\":[\"cflw000000060001\"],\"fggods004\":\"/roleplay/system/user/pic/19237410235.jpg\",\"fgcflw.fgcflw002\":[\"cflw00000006\"],\"fggods003\":\"inventoryDto\",\"fgcflw.fgcflw003\":[\"债权投资本金\"],\"fggods002\":\"笔\",\"fgcflw.fgcflw004\":[\"现金流\"],\"fggods008\":\"支\"}', '1', '', '0', null, '1', 'Inventory', 'PO', '', '', '1', '2016-06-16 11:36:42', 'hefan', '2016-06-16 11:36:42', 'hefan', 'inventorytest');
INSERT INTO `rpobject` VALUES ('test-Gxq001', '20000', 'Goods', 'inventoryDto', '笔', '01|012|0112', '{\"fggods007\":\"Inventory\",\"fggods006\":\"PO\",\"fggods005\":\"invn\",\"fgcflw.fgcflw001\":[\"cflw000000060001\"],\"fggods004\":\"/roleplay/system/user/pic/19237410235.jpg\",\"fgcflw.fgcflw002\":[\"cflw00000006\"],\"fggods003\":\"inventoryDto\",\"fgcflw.fgcflw003\":[\"债权投资本金\"],\"fggods002\":\"笔\",\"fgcflw.fgcflw004\":[\"现金流\"],\"fggods008\":\"支\"}', '1', '', '1', null, '1', 'Inventory', 'PO', '', '', '1', '2016-06-16 11:36:42', 'hefan', '2016-06-16 11:36:42', 'hefan', 'inventorytest');
INSERT INTO `rpobject` VALUES ('test-suliao', '20000', 'Goods', 'inventoryDto', '笔', '02|021|0111', '{\"fggods007\":\"Inventory\",\"fggods006\":\"PO\",\"fggods005\":\"invn\",\"fgcflw.fgcflw001\":[\"cflw000000060001\"],\"fggods004\":\"/roleplay/system/user/pic/19237410235.jpg\",\"fgcflw.fgcflw002\":[\"cflw00000006\"],\"fggods003\":\"inventoryDto\",\"fgcflw.fgcflw003\":[\"债权投资本金\"],\"fggods002\":\"笔\",\"fgcflw.fgcflw004\":[\"现金流\"],\"fggods008\":\"支\"}', '1', '', '0', null, '1', 'Inventory', 'PO', '', '', '1', '2016-06-16 11:36:42', 'hefan', '2016-06-16 11:36:42', 'hefan', 'inventorytest');
INSERT INTO `rpobject` VALUES ('test001160603ADDR000027', 'test001', 'E_ADDRESS', 'test001160603ADDR000028', '地址名称', null, '{\"contactUserName\":\"jack\",\"contactTel\":\"110\"}', '1', null, '0', null, '1', null, null, null, null, '1', '2016-06-03 19:06:46', 'hefan', '2016-06-03 19:06:46', 'hefan', '新加坡');
INSERT INTO `rpobject` VALUES ('test001160603ADDR000029', 'test001', 'E_ADDRESS', 'test001160603ADDR000030', '地址名称', null, '{\"contactUserName\":\"jack\",\"contactTel\":\"110\"}', '1', null, '0', null, '1', null, null, null, null, '1', '2016-06-03 19:36:41', 'hefan', '2016-06-03 19:36:41', 'hefan', '新加坡');
INSERT INTO `rpobject` VALUES ('test001160603ADDR000031', 'test001', 'E_ADDRESS', 'test001160603ADDR000032', '地址名称', null, '{\"contactUserName\":\"jack\",\"contactTel\":\"110\"}', '1', null, '0', null, '1', null, null, null, null, '1', '2016-06-06 09:37:18', 'hefan', '2016-06-06 09:37:18', 'hefan', '新加坡');
INSERT INTO `rpobject` VALUES ('test001160603ADDR000033', 'test001', 'E_ADDRESS', 'test001160603ADDR000034', '地址名称', null, '{\"contactUserName\":\"jack\",\"contactTel\":\"110\"}', '1', null, '0', null, '1', null, null, null, null, '1', '2016-06-06 10:06:48', 'hefan', '2016-06-06 10:06:48', 'hefan', '新加坡');
INSERT INTO `rpobject` VALUES ('test001160603EACT000027', 'test001', 'E_ACCOUNT', 'test001160603EACT000028', '资金账户3', null, '{\"ownerName\":\"zijin\"}', '1', null, '0', null, '1', null, null, null, null, '1', '2016-06-03 19:06:46', 'hefan', '2016-06-03 19:06:46', 'hefan', 'test-fan');
INSERT INTO `rpobject` VALUES ('test001160603EACT000029', 'test001', 'E_ACCOUNT', 'test001160603EACT000030', '资金账户3', null, '{\"ownerName\":\"zijin\"}', '1', null, '0', null, '1', null, null, null, null, '1', '2016-06-03 19:36:41', 'hefan', '2016-06-03 19:36:41', 'hefan', 'test-fan');
INSERT INTO `rpobject` VALUES ('test001160603EACT000031', 'test001', 'E_ACCOUNT', 'test001160603EACT000032', '资金账户3', null, '{\"ownerName\":\"zijin\"}', '1', null, '0', null, '1', null, null, null, null, '1', '2016-06-06 09:37:18', 'hefan', '2016-06-06 09:37:18', 'hefan', 'test-fan');
INSERT INTO `rpobject` VALUES ('test001160603EACT000033', 'test001', 'E_ACCOUNT', 'test001160603EACT000034', '资金账户3', null, '{\"ownerName\":\"zijin\"}', '1', null, '0', null, '1', null, null, null, null, '1', '2016-06-06 10:06:48', 'hefan', '2016-06-06 10:06:48', 'hefan', 'test-fan');
INSERT INTO `rpobject` VALUES ('test001160606ADDR000001', 'test001', 'E_ADDRESS', 'test001160606ADDR000002', '地址名称', null, '{\"contactUserName\":\"jack\",\"contactTel\":\"110\"}', '1', null, '0', null, '1', null, null, null, null, '1', '2016-06-06 11:06:32', 'hefan', '2016-06-06 11:06:32', 'hefan', '新加坡');
INSERT INTO `rpobject` VALUES ('test001160606ADDR000003', 'test001', 'E_ADDRESS', 'test001160606ADDR000004', '地址名称', null, '{\"contactUserName\":\"jack\",\"contactTel\":\"110\"}', '1', null, '0', null, '1', null, null, null, null, '1', '2016-06-06 11:07:30', 'hefan', '2016-06-06 11:07:30', 'hefan', '新加坡');
INSERT INTO `rpobject` VALUES ('test001160606ADDR000005', 'test001', 'E_ADDRESS', 'test001160606ADDR000006', '地址名称', null, '{\"contactUserName\":\"jack\",\"contactTel\":\"110\"}', '1', null, '0', null, '1', null, null, null, null, '1', '2016-06-06 17:06:49', 'hefan', '2016-06-06 17:06:49', 'hefan', '新加坡');
INSERT INTO `rpobject` VALUES ('test001160606ADDR000007', 'test001', 'E_ADDRESS', 'test001160606ADDR000008', '地址名称', null, '{\"contactUserName\":\"jack\",\"contactTel\":\"110\"}', '1', null, '0', null, '1', null, null, null, null, '1', '2016-06-06 17:36:47', 'hefan', '2016-06-06 17:36:47', 'hefan', '新加坡');
INSERT INTO `rpobject` VALUES ('test001160606ADDR000009', 'test001', 'E_ADDRESS', 'test001160606ADDR000010', '地址名称', null, '{}', '1', null, '0', null, '1', null, null, null, null, '1', '2016-06-06 18:36:45', 'hefan', '2016-06-06 18:36:45', 'hefan', '新加坡');
INSERT INTO `rpobject` VALUES ('test001160606ADDR000011', 'test001', 'E_ADDRESS', 'test001160606ADDR000012', '地址名称', null, '{}', '1', null, '0', null, '1', null, null, null, null, '1', '2016-06-06 19:06:46', 'hefan', '2016-06-06 19:06:46', 'hefan', '新加坡');
INSERT INTO `rpobject` VALUES ('test001160606EACT000001', 'test001', 'E_ACCOUNT', 'test001160606EACT000002', '资金账户3', null, '{\"ownerName\":\"zijin\"}', '1', null, '0', null, '1', null, null, null, null, '1', '2016-06-06 11:06:32', 'hefan', '2016-06-06 11:06:32', 'hefan', 'test-fan');
INSERT INTO `rpobject` VALUES ('test001160606EACT000003', 'test001', 'E_ACCOUNT', 'test001160606EACT000004', '资金账户3', null, '{\"ownerName\":\"zijin\"}', '1', null, '0', null, '1', null, null, null, null, '1', '2016-06-06 11:07:30', 'hefan', '2016-06-06 11:07:30', 'hefan', 'test-fan');
INSERT INTO `rpobject` VALUES ('test001160606EACT000005', 'test001', 'E_ACCOUNT', 'test001160606EACT000006', '资金账户3', null, '{\"ownerName\":\"zijin\"}', '1', null, '0', null, '1', null, null, null, null, '1', '2016-06-06 17:06:49', 'hefan', '2016-06-06 17:06:49', 'hefan', 'test-fan');
INSERT INTO `rpobject` VALUES ('test001160606EACT000007', 'test001', 'E_ACCOUNT', 'test001160606EACT000008', '资金账户3', null, '{\"ownerName\":\"zijin\"}', '1', null, '0', null, '1', null, null, null, null, '1', '2016-06-06 17:36:47', 'hefan', '2016-06-06 17:36:47', 'hefan', 'test-fan');
INSERT INTO `rpobject` VALUES ('test001160606EACT000009', 'test001', 'E_ACCOUNT', 'test001160606EACT000010', '资金账户3', null, '{\"ownerName\":\"zijin\"}', '1', null, '0', null, '1', null, null, null, null, '1', '2016-06-06 18:36:45', 'hefan', '2016-06-06 18:36:45', 'hefan', 'test-fan');
INSERT INTO `rpobject` VALUES ('test001160606EACT000011', 'test001', 'E_ACCOUNT', 'test001160606EACT000012', '资金账户3', null, '{\"ownerName\":\"zijin\"}', '1', null, '0', null, '1', null, null, null, null, '1', '2016-06-06 19:06:45', 'hefan', '2016-06-06 19:06:45', 'hefan', 'test-fan');
INSERT INTO `rpobject` VALUES ('test001160607ADDR000001', 'test001', 'E_ADDRESS', 'test001160607ADDR000002', '地址名称', null, '{}', '1', null, '0', null, '1', null, null, null, null, '1', '2016-06-07 10:37:37', 'hefan', '2016-06-07 10:37:37', 'hefan', '新加坡');
INSERT INTO `rpobject` VALUES ('test001160607ADDR000003', 'test001', 'E_ADDRESS', 'test001160607ADDR000004', '地址名称', null, '{}', '1', null, '0', null, '1', null, null, null, null, '1', '2016-06-07 11:36:59', 'hefan', '2016-06-07 11:36:59', 'hefan', '新加坡');
INSERT INTO `rpobject` VALUES ('test001160607ADDR000005', 'test001', 'E_ADDRESS', 'test001160607ADDR000006', '地址名称', null, '{}', '1', null, '0', null, '1', null, null, null, null, '1', '2016-06-07 14:06:44', 'hefan', '2016-06-07 14:06:44', 'hefan', '新加坡');
INSERT INTO `rpobject` VALUES ('test001160607ADDR000007', 'test001', 'E_ADDRESS', 'test001160607ADDR000008', '地址名称', null, '{}', '1', null, '0', null, '1', null, null, null, null, '1', '2016-06-07 14:36:45', 'hefan', '2016-06-07 14:36:45', 'hefan', '新加坡');
INSERT INTO `rpobject` VALUES ('test001160607ADDR000009', 'test001', 'E_ADDRESS', 'test001160607ADDR000010', '地址名称', null, '{}', '1', null, '0', null, '1', null, null, null, null, '1', '2016-06-07 15:06:40', 'hefan', '2016-06-07 15:06:40', 'hefan', '新加坡');
INSERT INTO `rpobject` VALUES ('test001160607ADDR000011', 'test001', 'E_ADDRESS', 'test001160607ADDR000012', '地址名称', null, '{}', '1', null, '0', null, '1', null, null, null, null, '1', '2016-06-07 16:36:48', 'hefan', '2016-06-07 16:36:48', 'hefan', '新加坡');
INSERT INTO `rpobject` VALUES ('test001160607ADDR000013', 'test001', 'E_ADDRESS', 'test001160607ADDR000014', '地址名称', null, '{}', '1', null, '0', null, '1', null, null, null, null, '1', '2016-06-07 17:06:50', 'hefan', '2016-06-07 17:06:50', 'hefan', '新加坡');
INSERT INTO `rpobject` VALUES ('test001160607ADDR000015', 'test001', 'E_ADDRESS', 'test001160607ADDR000016', '地址名称', null, '{}', '1', null, '0', null, '1', null, null, null, null, '1', '2016-06-07 17:36:47', 'hefan', '2016-06-07 17:36:47', 'hefan', '新加坡');
INSERT INTO `rpobject` VALUES ('test001160607ADDR000017', 'test001', 'E_ADDRESS', 'test001160607ADDR000018', '地址名称', null, '{}', '1', null, '0', null, '1', null, null, null, null, '1', '2016-06-07 18:07:00', 'hefan', '2016-06-07 18:07:00', 'hefan', '新加坡');
INSERT INTO `rpobject` VALUES ('test001160607ADDR000019', 'test001', 'E_ADDRESS', 'test001160607ADDR000020', '地址名称', null, '{}', '1', null, '0', null, '1', null, null, null, null, '1', '2016-06-07 18:36:55', 'hefan', '2016-06-07 18:36:55', 'hefan', '新加坡');
INSERT INTO `rpobject` VALUES ('test001160607ADDR000021', 'test001', 'E_ADDRESS', 'test001160607ADDR000022', '地址名称', null, '{}', '1', null, '0', null, '1', null, null, null, null, '1', '2016-06-07 19:36:50', 'hefan', '2016-06-07 19:36:50', 'hefan', '新加坡');
INSERT INTO `rpobject` VALUES ('test001160607EACT000001', 'test001', 'E_ACCOUNT', 'test001160607EACT000002', '资金账户3', null, '{\"ownerName\":\"zijin\"}', '1', null, '0', null, '1', null, null, null, null, '1', '2016-06-07 10:37:37', 'hefan', '2016-06-07 10:37:37', 'hefan', 'test-fan');
INSERT INTO `rpobject` VALUES ('test001160607EACT000003', 'test001', 'E_ACCOUNT', 'test001160607EACT000004', '资金账户3', null, '{\"ownerName\":\"zijin\"}', '1', null, '0', null, '1', null, null, null, null, '1', '2016-06-07 11:36:59', 'hefan', '2016-06-07 11:36:59', 'hefan', 'test-fan');
INSERT INTO `rpobject` VALUES ('test001160607EACT000005', 'test001', 'E_ACCOUNT', 'test001160607EACT000006', '资金账户3', null, '{\"ownerName\":\"zijin\"}', '1', null, '0', null, '1', null, null, null, null, '1', '2016-06-07 14:06:44', 'hefan', '2016-06-07 14:06:44', 'hefan', 'test-fan');
INSERT INTO `rpobject` VALUES ('test001160607EACT000007', 'test001', 'E_ACCOUNT', 'test001160607EACT000008', '资金账户3', null, '{\"ownerName\":\"zijin\"}', '1', null, '0', null, '1', null, null, null, null, '1', '2016-06-07 14:36:45', 'hefan', '2016-06-07 14:36:45', 'hefan', 'test-fan');
INSERT INTO `rpobject` VALUES ('test001160607EACT000009', 'test001', 'E_ACCOUNT', 'test001160607EACT000010', '资金账户3', null, '{\"ownerName\":\"zijin\"}', '1', null, '0', null, '1', null, null, null, null, '1', '2016-06-07 15:06:40', 'hefan', '2016-06-07 15:06:40', 'hefan', 'test-fan');
INSERT INTO `rpobject` VALUES ('test001160607EACT000011', 'test001', 'E_ACCOUNT', 'test001160607EACT000012', '资金账户3', null, '{\"ownerName\":\"zijin\"}', '1', null, '0', null, '1', null, null, null, null, '1', '2016-06-07 16:36:48', 'hefan', '2016-06-07 16:36:48', 'hefan', 'test-fan');
INSERT INTO `rpobject` VALUES ('test001160607EACT000013', 'test001', 'E_ACCOUNT', 'test001160607EACT000014', '资金账户3', null, '{\"ownerName\":\"zijin\"}', '1', null, '0', null, '1', null, null, null, null, '1', '2016-06-07 17:06:50', 'hefan', '2016-06-07 17:06:50', 'hefan', 'test-fan');
INSERT INTO `rpobject` VALUES ('test001160607EACT000015', 'test001', 'E_ACCOUNT', 'test001160607EACT000016', '资金账户3', null, '{\"ownerName\":\"zijin\"}', '1', null, '0', null, '1', null, null, null, null, '1', '2016-06-07 17:36:47', 'hefan', '2016-06-07 17:36:47', 'hefan', 'test-fan');
INSERT INTO `rpobject` VALUES ('test001160607EACT000017', 'test001', 'E_ACCOUNT', 'test001160607EACT000018', '资金账户3', null, '{\"ownerName\":\"zijin\"}', '1', null, '0', null, '1', null, null, null, null, '1', '2016-06-07 18:07:00', 'hefan', '2016-06-07 18:07:00', 'hefan', 'test-fan');
INSERT INTO `rpobject` VALUES ('test001160607EACT000019', 'test001', 'E_ACCOUNT', 'test001160607EACT000020', '资金账户3', null, '{\"ownerName\":\"zijin\"}', '1', null, '0', null, '1', null, null, null, null, '1', '2016-06-07 18:36:55', 'hefan', '2016-06-07 18:36:55', 'hefan', 'test-fan');
INSERT INTO `rpobject` VALUES ('test001160607EACT000021', 'test001', 'E_ACCOUNT', 'test001160607EACT000022', '资金账户3', null, '{\"ownerName\":\"zijin\"}', '1', null, '0', null, '1', null, null, null, null, '1', '2016-06-07 19:36:50', 'hefan', '2016-06-07 19:36:50', 'hefan', 'test-fan');
INSERT INTO `rpobject` VALUES ('test001160608ADDR000001', 'test001', 'E_ADDRESS', 'test001160608ADDR000002', '地址名称', null, '{}', '1', null, '0', null, '1', null, null, null, null, '1', '2016-06-08 11:07:22', 'hefan', '2016-06-08 11:07:22', 'hefan', '新加坡');
INSERT INTO `rpobject` VALUES ('test001160608ADDR000003', 'test001', 'E_ADDRESS', 'test001160608ADDR000004', '地址名称', null, '{}', '1', null, '0', null, '1', null, null, null, null, '1', '2016-06-08 11:52:21', 'hefan', '2016-06-08 11:52:21', 'hefan', '新加坡');
INSERT INTO `rpobject` VALUES ('test001160608ADDR000005', 'test001', 'E_ADDRESS', 'test001160608ADDR000006', '地址名称', null, '{}', '1', null, '0', null, '1', null, null, null, null, '1', '2016-06-08 12:06:46', 'hefan', '2016-06-08 12:06:46', 'hefan', '新加坡');
INSERT INTO `rpobject` VALUES ('test001160608ADDR000007', 'test001', 'E_ADDRESS', 'test001160608ADDR000008', '地址名称', null, '{}', '1', null, '0', null, '1', null, null, null, null, '1', '2016-06-08 12:36:40', 'hefan', '2016-06-08 12:36:40', 'hefan', '新加坡');
INSERT INTO `rpobject` VALUES ('test001160608ADDR000009', 'test001', 'E_ADDRESS', 'test001160608ADDR000010', '地址名称', null, '{}', '1', null, '0', null, '1', null, null, null, null, '1', '2016-06-08 14:06:54', 'hefan', '2016-06-08 14:06:54', 'hefan', '新加坡');
INSERT INTO `rpobject` VALUES ('test001160608ADDR000011', 'test001', 'E_ADDRESS', 'test001160608ADDR000012', '地址名称', null, '{}', '1', null, '0', null, '1', null, null, null, null, '1', '2016-06-08 14:14:59', 'hefan', '2016-06-08 14:14:59', 'hefan', '新加坡');
INSERT INTO `rpobject` VALUES ('test001160608ADDR000013', 'test001', 'E_ADDRESS', 'test001160608ADDR000014', '地址名称', null, '{}', '1', null, '0', null, '1', null, null, null, null, '1', '2016-06-08 17:07:00', 'hefan', '2016-06-08 17:07:00', 'hefan', '新加坡');
INSERT INTO `rpobject` VALUES ('test001160608ADDR000015', 'test001', 'E_ADDRESS', 'test001160608ADDR000016', '地址名称', null, '{}', '1', null, '0', null, '1', null, null, null, null, '1', '2016-06-08 19:06:49', 'hefan', '2016-06-08 19:06:49', 'hefan', '新加坡');
INSERT INTO `rpobject` VALUES ('test001160608ADDR000017', 'test001', 'E_ADDRESS', 'test001160608ADDR000018', '地址名称', null, '{}', '1', null, '0', null, '1', null, null, null, null, '1', '2016-06-09 18:37:19', 'hefan', '2016-06-09 18:37:19', 'hefan', '新加坡');
INSERT INTO `rpobject` VALUES ('test001160608EACT000001', 'test001', 'E_ACCOUNT', 'test001160608EACT000002', '资金账户3', null, '{\"ownerName\":\"zijin\"}', '1', null, '0', null, '1', null, null, null, null, '1', '2016-06-08 11:07:22', 'hefan', '2016-06-08 11:07:22', 'hefan', 'test-fan');
INSERT INTO `rpobject` VALUES ('test001160608EACT000003', 'test001', 'E_ACCOUNT', 'test001160608EACT000004', '资金账户3', null, '{\"ownerName\":\"zijin\"}', '1', null, '0', null, '1', null, null, null, null, '1', '2016-06-08 11:52:21', 'hefan', '2016-06-08 11:52:21', 'hefan', 'test-fan');
INSERT INTO `rpobject` VALUES ('test001160608EACT000005', 'test001', 'E_ACCOUNT', 'test001160608EACT000006', '资金账户3', null, '{\"ownerName\":\"zijin\"}', '1', null, '0', null, '1', null, null, null, null, '1', '2016-06-08 12:06:46', 'hefan', '2016-06-08 12:06:46', 'hefan', 'test-fan');
INSERT INTO `rpobject` VALUES ('test001160608EACT000007', 'test001', 'E_ACCOUNT', 'test001160608EACT000008', '资金账户3', null, '{\"ownerName\":\"zijin\"}', '1', null, '0', null, '1', null, null, null, null, '1', '2016-06-08 12:36:40', 'hefan', '2016-06-08 12:36:40', 'hefan', 'test-fan');
INSERT INTO `rpobject` VALUES ('test001160608EACT000009', 'test001', 'E_ACCOUNT', 'test001160608EACT000010', '资金账户3', null, '{\"ownerName\":\"zijin\"}', '1', null, '0', null, '1', null, null, null, null, '1', '2016-06-08 14:06:54', 'hefan', '2016-06-08 14:06:54', 'hefan', 'test-fan');
INSERT INTO `rpobject` VALUES ('test001160608EACT000011', 'test001', 'E_ACCOUNT', 'test001160608EACT000012', '资金账户3', null, '{\"ownerName\":\"zijin\"}', '1', null, '0', null, '1', null, null, null, null, '1', '2016-06-08 14:14:59', 'hefan', '2016-06-08 14:14:59', 'hefan', 'test-fan');
INSERT INTO `rpobject` VALUES ('test001160608EACT000013', 'test001', 'E_ACCOUNT', 'test001160608EACT000014', '资金账户3', null, '{\"ownerName\":\"zijin\"}', '1', null, '0', null, '1', null, null, null, null, '1', '2016-06-08 17:07:00', 'hefan', '2016-06-08 17:07:00', 'hefan', 'test-fan');
INSERT INTO `rpobject` VALUES ('test001160608EACT000015', 'test001', 'E_ACCOUNT', 'test001160608EACT000016', '资金账户3', null, '{\"ownerName\":\"zijin\"}', '1', null, '0', null, '1', null, null, null, null, '1', '2016-06-08 19:06:49', 'hefan', '2016-06-08 19:06:49', 'hefan', 'test-fan');
INSERT INTO `rpobject` VALUES ('test001160608EACT000017', 'test001', 'E_ACCOUNT', 'test001160608EACT000018', '资金账户3', null, '{\"ownerName\":\"zijin\"}', '1', null, '0', null, '1', null, null, null, null, '1', '2016-06-09 18:37:19', 'hefan', '2016-06-09 18:37:19', 'hefan', 'test-fan');
INSERT INTO `rpobject` VALUES ('test001160612ADDR000001', 'test001', 'E_ADDRESS', 'test001160612ADDR000002', '地址名称', null, '{}', '1', null, '0', null, '1', null, null, null, null, '1', '2016-06-12 11:07:02', 'hefan', '2016-06-12 11:07:02', 'hefan', '新加坡');
INSERT INTO `rpobject` VALUES ('test001160612ADDR000003', 'test001', 'E_ADDRESS', 'test001160612ADDR000004', '地址名称', null, '{}', '1', null, '0', null, '1', null, null, null, null, '1', '2016-06-12 15:36:51', 'hefan', '2016-06-12 15:36:51', 'hefan', '新加坡');
INSERT INTO `rpobject` VALUES ('test001160612ADDR000005', 'test001', 'E_ADDRESS', 'test001160612ADDR000006', '地址名称', null, '{}', '1', null, '0', null, '1', null, null, null, null, '1', '2016-06-12 16:06:53', 'hefan', '2016-06-12 16:06:53', 'hefan', '新加坡');
INSERT INTO `rpobject` VALUES ('test001160612ADDR000007', 'test001', 'E_ADDRESS', 'test001160612ADDR000008', '地址名称', null, '{}', '1', null, '0', null, '1', null, null, null, null, '1', '2016-06-12 16:37:02', 'hefan', '2016-06-12 16:37:02', 'hefan', '新加坡');
INSERT INTO `rpobject` VALUES ('test001160612ADDR000009', 'test001', 'E_ADDRESS', 'test001160612ADDR000010', '地址名称', null, '{}', '1', null, '0', null, '1', null, null, null, null, '1', '2016-06-12 17:07:03', 'hefan', '2016-06-12 17:07:03', 'hefan', '新加坡');
INSERT INTO `rpobject` VALUES ('test001160612ADDR000011', 'test001', 'E_ADDRESS', 'test001160612ADDR000012', '地址名称', null, '{}', '1', null, '0', null, '1', null, null, null, null, '1', '2016-06-12 17:36:58', 'hefan', '2016-06-12 17:36:58', 'hefan', '新加坡');
INSERT INTO `rpobject` VALUES ('test001160612ADDR000013', 'test001', 'E_ADDRESS', 'test001160612ADDR000014', '地址名称', null, '{}', '1', null, '0', null, '1', null, null, null, null, '1', '2016-06-12 18:06:57', 'hefan', '2016-06-12 18:06:57', 'hefan', '新加坡');
INSERT INTO `rpobject` VALUES ('test001160612ADDR000015', 'test001', 'E_ADDRESS', 'test001160612ADDR000016', '地址名称', null, '{}', '1', null, '0', null, '1', null, null, null, null, '1', '2016-06-12 18:36:52', 'hefan', '2016-06-12 18:36:52', 'hefan', '新加坡');
INSERT INTO `rpobject` VALUES ('test001160612EACT000001', 'test001', 'E_ACCOUNT', 'test001160612EACT000002', '资金账户3', null, '{\"ownerName\":\"zijin\"}', '1', null, '0', null, '1', null, null, null, null, '1', '2016-06-12 11:07:02', 'hefan', '2016-06-12 11:07:02', 'hefan', 'test-fan');
INSERT INTO `rpobject` VALUES ('test001160612EACT000003', 'test001', 'E_ACCOUNT', 'test001160612EACT000004', '资金账户3', null, '{\"ownerName\":\"zijin\"}', '1', null, '0', null, '1', null, null, null, null, '1', '2016-06-12 15:36:51', 'hefan', '2016-06-12 15:36:51', 'hefan', 'test-fan');
INSERT INTO `rpobject` VALUES ('test001160612EACT000005', 'test001', 'E_ACCOUNT', 'test001160612EACT000006', '资金账户3', null, '{\"ownerName\":\"zijin\"}', '1', null, '0', null, '1', null, null, null, null, '1', '2016-06-12 16:06:53', 'hefan', '2016-06-12 16:06:53', 'hefan', 'test-fan');
INSERT INTO `rpobject` VALUES ('test001160612EACT000007', 'test001', 'E_ACCOUNT', 'test001160612EACT000008', '资金账户3', null, '{\"ownerName\":\"zijin\"}', '1', null, '0', null, '1', null, null, null, null, '1', '2016-06-12 16:37:02', 'hefan', '2016-06-12 16:37:02', 'hefan', 'test-fan');
INSERT INTO `rpobject` VALUES ('test001160612EACT000009', 'test001', 'E_ACCOUNT', 'test001160612EACT000010', '资金账户3', null, '{\"ownerName\":\"zijin\"}', '1', null, '0', null, '1', null, null, null, null, '1', '2016-06-12 17:07:03', 'hefan', '2016-06-12 17:07:03', 'hefan', 'test-fan');
INSERT INTO `rpobject` VALUES ('test001160612EACT000011', 'test001', 'E_ACCOUNT', 'test001160612EACT000012', '资金账户3', null, '{\"ownerName\":\"zijin\"}', '1', null, '0', null, '1', null, null, null, null, '1', '2016-06-12 17:36:58', 'hefan', '2016-06-12 17:36:58', 'hefan', 'test-fan');
INSERT INTO `rpobject` VALUES ('test001160612EACT000013', 'test001', 'E_ACCOUNT', 'test001160612EACT000014', '资金账户3', null, '{\"ownerName\":\"zijin\"}', '1', null, '0', null, '1', null, null, null, null, '1', '2016-06-12 18:06:57', 'hefan', '2016-06-12 18:06:57', 'hefan', 'test-fan');
INSERT INTO `rpobject` VALUES ('test001160612EACT000015', 'test001', 'E_ACCOUNT', 'test001160612EACT000016', '资金账户3', null, '{\"ownerName\":\"zijin\"}', '1', null, '0', null, '1', null, null, null, null, '1', '2016-06-12 18:36:52', 'hefan', '2016-06-12 18:36:52', 'hefan', 'test-fan');
INSERT INTO `rpobject` VALUES ('test001160613ADDR000001', 'test001', 'E_ADDRESS', 'test001160613ADDR000002', '地址名称', null, '{}', '1', null, '0', null, '1', null, null, null, null, '1', '2016-06-13 10:07:26', 'hefan', '2016-06-13 10:07:26', 'hefan', '新加坡');
INSERT INTO `rpobject` VALUES ('test001160613ADDR000003', 'test001', 'E_ADDRESS', 'test001160613ADDR000004', '地址名称', null, '{}', '1', null, '0', null, '1', null, null, null, null, '1', '2016-06-13 11:07:13', 'hefan', '2016-06-13 11:07:13', 'hefan', '新加坡');
INSERT INTO `rpobject` VALUES ('test001160613ADDR000005', 'test001', 'E_ADDRESS', 'test001160613ADDR000006', '地址名称', null, '{}', '1', null, '0', null, '1', null, null, null, null, '1', '2016-06-13 12:07:01', 'hefan', '2016-06-13 12:07:01', 'hefan', '新加坡');
INSERT INTO `rpobject` VALUES ('test001160613ADDR000007', 'test001', 'E_ADDRESS', 'test001160613ADDR000008', '地址名称', null, '{}', '1', null, '0', null, '1', null, null, null, null, '1', '2016-06-13 13:02:05', 'hefan', '2016-06-13 13:02:05', 'hefan', '新加坡');
INSERT INTO `rpobject` VALUES ('test001160613ADDR000009', 'test001', 'E_ADDRESS', 'test001160613ADDR000010', '地址名称', null, '{}', '1', null, '0', null, '1', null, null, null, null, '1', '2016-06-13 14:06:46', 'hefan', '2016-06-13 14:06:46', 'hefan', '新加坡');
INSERT INTO `rpobject` VALUES ('test001160613ADDR000011', 'test001', 'E_ADDRESS', 'test001160613ADDR000012', '地址名称', null, '{}', '1', null, '0', null, '1', null, null, null, null, '1', '2016-06-13 14:14:27', 'hefan', '2016-06-13 14:14:27', 'hefan', '新加坡');
INSERT INTO `rpobject` VALUES ('test001160613ADDR000013', 'test001', 'E_ADDRESS', 'test001160613ADDR000014', '地址名称', null, '{}', '1', null, '0', null, '1', null, null, null, null, '1', '2016-06-13 14:38:16', 'hefan', '2016-06-13 14:38:16', 'hefan', '新加坡');
INSERT INTO `rpobject` VALUES ('test001160613ADDR000015', 'test001', 'E_ADDRESS', 'test001160613ADDR000016', '地址名称', null, '{}', '1', null, '0', null, '1', null, null, null, null, '1', '2016-06-13 14:45:10', 'hefan', '2016-06-13 14:45:10', 'hefan', '新加坡');
INSERT INTO `rpobject` VALUES ('test001160613ADDR000017', 'test001', 'E_ADDRESS', 'test001160613ADDR000018', '地址名称', null, '{}', '1', null, '0', null, '1', null, null, null, null, '1', '2016-06-13 15:06:48', 'hefan', '2016-06-13 15:06:48', 'hefan', '新加坡');
INSERT INTO `rpobject` VALUES ('test001160613ADDR000019', 'test001', 'E_ADDRESS', 'test001160613ADDR000020', '地址名称', null, '{}', '1', null, '0', null, '1', null, null, null, null, '1', '2016-06-13 15:37:09', 'hefan', '2016-06-13 15:37:09', 'hefan', '新加坡');
INSERT INTO `rpobject` VALUES ('test001160613ADDR000021', 'test001', 'E_ADDRESS', 'test001160613ADDR000022', '地址名称', null, '{}', '1', null, '0', null, '1', null, null, null, null, '1', '2016-06-13 16:36:54', 'hefan', '2016-06-13 16:36:54', 'hefan', '新加坡');
INSERT INTO `rpobject` VALUES ('test001160613ADDR000023', 'test001', 'E_ADDRESS', 'test001160613ADDR000024', '地址名称', null, '{}', '1', null, '0', null, '1', null, null, null, null, '1', '2016-06-13 17:06:43', 'hefan', '2016-06-13 17:06:43', 'hefan', '新加坡');
INSERT INTO `rpobject` VALUES ('test001160613ADDR000025', 'test001', 'E_ADDRESS', 'test001160613ADDR000026', '地址名称', null, '{}', '1', null, '0', null, '1', null, null, null, null, '1', '2016-06-13 17:36:46', 'hefan', '2016-06-13 17:36:46', 'hefan', '新加坡');
INSERT INTO `rpobject` VALUES ('test001160613ADDR000027', 'test001', 'E_ADDRESS', 'test001160613ADDR000028', '地址名称', null, '{}', '1', null, '0', null, '1', null, null, null, null, '1', '2016-06-13 18:06:46', 'hefan', '2016-06-13 18:06:46', 'hefan', '新加坡');
INSERT INTO `rpobject` VALUES ('test001160613ADDR000029', 'test001', 'E_ADDRESS', 'test001160613ADDR000030', '地址名称', null, '{}', '1', null, '0', null, '1', null, null, null, null, '1', '2016-06-13 18:36:45', 'hefan', '2016-06-13 18:36:45', 'hefan', '新加坡');
INSERT INTO `rpobject` VALUES ('test001160613ADDR000031', 'test001', 'E_ADDRESS', 'test001160613ADDR000032', '地址名称', null, '{}', '1', null, '0', null, '1', null, null, null, null, '1', '2016-06-13 19:06:51', 'hefan', '2016-06-13 19:06:51', 'hefan', '新加坡');
INSERT INTO `rpobject` VALUES ('test001160613EACT000001', 'test001', 'E_ACCOUNT', 'test001160613EACT000002', '资金账户3', null, '{\"ownerName\":\"zijin\"}', '1', null, '0', null, '1', null, null, null, null, '1', '2016-06-13 10:07:26', 'hefan', '2016-06-13 10:07:26', 'hefan', 'test-fan');
INSERT INTO `rpobject` VALUES ('test001160613EACT000003', 'test001', 'E_ACCOUNT', 'test001160613EACT000004', '资金账户3', null, '{\"ownerName\":\"zijin\"}', '1', null, '0', null, '1', null, null, null, null, '1', '2016-06-13 11:07:13', 'hefan', '2016-06-13 11:07:13', 'hefan', 'test-fan');
INSERT INTO `rpobject` VALUES ('test001160613EACT000005', 'test001', 'E_ACCOUNT', 'test001160613EACT000006', '资金账户3', null, '{\"ownerName\":\"zijin\"}', '1', null, '0', null, '1', null, null, null, null, '1', '2016-06-13 12:07:01', 'hefan', '2016-06-13 12:07:01', 'hefan', 'test-fan');
INSERT INTO `rpobject` VALUES ('test001160613EACT000007', 'test001', 'E_ACCOUNT', 'test001160613EACT000008', '资金账户3', null, '{\"ownerName\":\"zijin\"}', '1', null, '0', null, '1', null, null, null, null, '1', '2016-06-13 13:02:05', 'hefan', '2016-06-13 13:02:05', 'hefan', 'test-fan');
INSERT INTO `rpobject` VALUES ('test001160613EACT000009', 'test001', 'E_ACCOUNT', 'test001160613EACT000010', '资金账户3', null, '{\"ownerName\":\"zijin\"}', '1', null, '0', null, '1', null, null, null, null, '1', '2016-06-13 14:06:46', 'hefan', '2016-06-13 14:06:46', 'hefan', 'test-fan');
INSERT INTO `rpobject` VALUES ('test001160613EACT000011', 'test001', 'E_ACCOUNT', 'test001160613EACT000012', '资金账户3', null, '{\"ownerName\":\"zijin\"}', '1', null, '0', null, '1', null, null, null, null, '1', '2016-06-13 14:14:27', 'hefan', '2016-06-13 14:14:27', 'hefan', 'test-fan');
INSERT INTO `rpobject` VALUES ('test001160613EACT000013', 'test001', 'E_ACCOUNT', 'test001160613EACT000014', '资金账户3', null, '{\"ownerName\":\"zijin\"}', '1', null, '0', null, '1', null, null, null, null, '1', '2016-06-13 14:38:16', 'hefan', '2016-06-13 14:38:16', 'hefan', 'test-fan');
INSERT INTO `rpobject` VALUES ('test001160613EACT000015', 'test001', 'E_ACCOUNT', 'test001160613EACT000016', '资金账户3', null, '{\"ownerName\":\"zijin\"}', '1', null, '0', null, '1', null, null, null, null, '1', '2016-06-13 14:45:10', 'hefan', '2016-06-13 14:45:10', 'hefan', 'test-fan');
INSERT INTO `rpobject` VALUES ('test001160613EACT000017', 'test001', 'E_ACCOUNT', 'test001160613EACT000018', '资金账户3', null, '{\"ownerName\":\"zijin\"}', '1', null, '0', null, '1', null, null, null, null, '1', '2016-06-13 15:06:48', 'hefan', '2016-06-13 15:06:48', 'hefan', 'test-fan');
INSERT INTO `rpobject` VALUES ('test001160613EACT000019', 'test001', 'E_ACCOUNT', 'test001160613EACT000020', '资金账户3', null, '{\"ownerName\":\"zijin\"}', '1', null, '0', null, '1', null, null, null, null, '1', '2016-06-13 15:37:08', 'hefan', '2016-06-13 15:37:08', 'hefan', 'test-fan');
INSERT INTO `rpobject` VALUES ('test001160613EACT000021', 'test001', 'E_ACCOUNT', 'test001160613EACT000022', '资金账户3', null, '{\"ownerName\":\"zijin\"}', '1', null, '0', null, '1', null, null, null, null, '1', '2016-06-13 16:36:54', 'hefan', '2016-06-13 16:36:54', 'hefan', 'test-fan');
INSERT INTO `rpobject` VALUES ('test001160613EACT000023', 'test001', 'E_ACCOUNT', 'test001160613EACT000024', '资金账户3', null, '{\"ownerName\":\"zijin\"}', '1', null, '0', null, '1', null, null, null, null, '1', '2016-06-13 17:06:43', 'hefan', '2016-06-13 17:06:43', 'hefan', 'test-fan');
INSERT INTO `rpobject` VALUES ('test001160613EACT000025', 'test001', 'E_ACCOUNT', 'test001160613EACT000026', '资金账户3', null, '{\"ownerName\":\"zijin\"}', '1', null, '0', null, '1', null, null, null, null, '1', '2016-06-13 17:36:46', 'hefan', '2016-06-13 17:36:46', 'hefan', 'test-fan');
INSERT INTO `rpobject` VALUES ('test001160613EACT000027', 'test001', 'E_ACCOUNT', 'test001160613EACT000028', '资金账户3', null, '{\"ownerName\":\"zijin\"}', '1', null, '0', null, '1', null, null, null, null, '1', '2016-06-13 18:06:46', 'hefan', '2016-06-13 18:06:46', 'hefan', 'test-fan');
INSERT INTO `rpobject` VALUES ('test001160613EACT000029', 'test001', 'E_ACCOUNT', 'test001160613EACT000030', '资金账户3', null, '{\"ownerName\":\"zijin\"}', '1', null, '0', null, '1', null, null, null, null, '1', '2016-06-13 18:36:45', 'hefan', '2016-06-13 18:36:45', 'hefan', 'test-fan');
INSERT INTO `rpobject` VALUES ('test001160613EACT000031', 'test001', 'E_ACCOUNT', 'test001160613EACT000032', '资金账户3', null, '{\"ownerName\":\"zijin\"}', '1', null, '0', null, '1', null, null, null, null, '1', '2016-06-13 19:06:51', 'hefan', '2016-06-13 19:06:51', 'hefan', 'test-fan');
INSERT INTO `rpobject` VALUES ('test001160614ADDR000001', 'test001', 'E_ADDRESS', 'test001160614ADDR000002', '地址名称', null, '{}', '1', null, '0', null, '1', null, null, null, null, '1', '2016-06-14 11:37:33', 'hefan', '2016-06-14 11:37:33', 'hefan', '新加坡');
INSERT INTO `rpobject` VALUES ('test001160614ADDR000003', 'test001', 'E_ADDRESS', 'test001160614ADDR000004', '地址名称', null, '{}', '1', null, '0', null, '1', null, null, null, null, '1', '2016-06-14 12:06:46', 'hefan', '2016-06-14 12:06:46', 'hefan', '新加坡');
INSERT INTO `rpobject` VALUES ('test001160614ADDR000005', 'test001', 'E_ADDRESS', 'test001160614ADDR000006', '地址名称', null, '{}', '1', null, '0', null, '1', null, null, null, null, '1', '2016-06-14 18:06:47', 'hefan', '2016-06-14 18:06:47', 'hefan', '新加坡');
INSERT INTO `rpobject` VALUES ('test001160614ADDR000007', 'test001', 'E_ADDRESS', 'test001160614ADDR000008', '地址名称', null, '{}', '1', null, '0', null, '1', null, null, null, null, '1', '2016-06-14 19:06:48', 'hefan', '2016-06-14 19:06:48', 'hefan', '新加坡');
INSERT INTO `rpobject` VALUES ('test001160614ADDR000009', 'test001', 'E_ADDRESS', 'test001160614ADDR000010', '地址名称', null, '{}', '1', null, '0', null, '1', null, null, null, null, '1', '2016-06-14 20:06:47', 'hefan', '2016-06-14 20:06:47', 'hefan', '新加坡');
INSERT INTO `rpobject` VALUES ('test001160614ADDR000011', 'test001', 'E_ADDRESS', 'test001160614ADDR000012', '地址名称', null, '{}', '1', null, '0', null, '1', null, null, null, null, '1', '2016-06-15 10:06:46', 'hefan', '2016-06-15 10:06:46', 'hefan', '新加坡');
INSERT INTO `rpobject` VALUES ('test001160614ADDR000013', 'test001', 'E_ADDRESS', 'test001160614ADDR000014', '地址名称', null, '{}', '1', null, '0', null, '1', null, null, null, null, '1', '2016-06-16 11:07:24', 'hefan', '2016-06-16 11:07:24', 'hefan', '新加坡');
INSERT INTO `rpobject` VALUES ('test001160614ADDR000015', 'test001', 'E_ADDRESS', 'test001160614ADDR000016', '地址名称', null, '{}', '1', null, '0', null, '1', null, null, null, null, '1', '2016-06-16 11:36:50', 'hefan', '2016-06-16 11:36:50', 'hefan', '新加坡');
INSERT INTO `rpobject` VALUES ('test001160614EACT000001', 'test001', 'E_ACCOUNT', 'test001160614EACT000002', '资金账户3', null, '{\"ownerName\":\"zijin\"}', '1', null, '0', null, '1', null, null, null, null, '1', '2016-06-14 11:37:33', 'hefan', '2016-06-14 11:37:33', 'hefan', 'test-fan');
INSERT INTO `rpobject` VALUES ('test001160614EACT000003', 'test001', 'E_ACCOUNT', 'test001160614EACT000004', '资金账户3', null, '{\"ownerName\":\"zijin\"}', '1', null, '0', null, '1', null, null, null, null, '1', '2016-06-14 12:06:46', 'hefan', '2016-06-14 12:06:46', 'hefan', 'test-fan');
INSERT INTO `rpobject` VALUES ('test001160614EACT000005', 'test001', 'E_ACCOUNT', 'test001160614EACT000006', '资金账户3', null, '{\"ownerName\":\"zijin\"}', '1', null, '0', null, '1', null, null, null, null, '1', '2016-06-14 18:06:47', 'hefan', '2016-06-14 18:06:47', 'hefan', 'test-fan');
INSERT INTO `rpobject` VALUES ('test001160614EACT000007', 'test001', 'E_ACCOUNT', 'test001160614EACT000008', '资金账户3', null, '{\"ownerName\":\"zijin\"}', '1', null, '0', null, '1', null, null, null, null, '1', '2016-06-14 19:06:48', 'hefan', '2016-06-14 19:06:48', 'hefan', 'test-fan');
INSERT INTO `rpobject` VALUES ('test001160614EACT000009', 'test001', 'E_ACCOUNT', 'test001160614EACT000010', '资金账户3', null, '{\"ownerName\":\"zijin\"}', '1', null, '0', null, '1', null, null, null, null, '1', '2016-06-14 20:06:47', 'hefan', '2016-06-14 20:06:47', 'hefan', 'test-fan');
INSERT INTO `rpobject` VALUES ('test001160614EACT000011', 'test001', 'E_ACCOUNT', 'test001160614EACT000012', '资金账户3', null, '{\"ownerName\":\"zijin\"}', '1', null, '0', null, '1', null, null, null, null, '1', '2016-06-15 10:06:46', 'hefan', '2016-06-15 10:06:46', 'hefan', 'test-fan');
INSERT INTO `rpobject` VALUES ('test001160614EACT000013', 'test001', 'E_ACCOUNT', 'test001160614EACT000014', '资金账户3', null, '{\"ownerName\":\"zijin\"}', '1', null, '0', null, '1', null, null, null, null, '1', '2016-06-16 11:07:24', 'hefan', '2016-06-16 11:07:24', 'hefan', 'test-fan');
INSERT INTO `rpobject` VALUES ('test001160614EACT000015', 'test001', 'E_ACCOUNT', 'test001160614EACT000016', '资金账户3', null, '{\"ownerName\":\"zijin\"}', '1', null, '0', null, '1', null, null, null, null, '1', '2016-06-16 11:36:50', 'hefan', '2016-06-16 11:36:50', 'hefan', 'test-fan');

-- ----------------------------
-- Table structure for rpobject_rel
-- ----------------------------
DROP TABLE IF EXISTS `rpobject_rel`;
CREATE TABLE `rpobject_rel` (
  `ID` varchar(40) NOT NULL DEFAULT '',
  `ENTITY_ID` varchar(8) NOT NULL DEFAULT '' COMMENT '主体ID',
  `REL_TYPE` varchar(8) NOT NULL DEFAULT '' COMMENT '关系类型,( 如果是商品间关系，可以是gods)',
  `OBJ_ID` varchar(28) NOT NULL DEFAULT '',
  `PARENT_ID` varchar(28) NOT NULL DEFAULT '',
  `MEASURE_UNIT` varchar(8) DEFAULT '' COMMENT '单位',
  `QTY` decimal(12,4) NOT NULL DEFAULT '0.0000',
  `AMOUNT` decimal(15,6) DEFAULT '0.000000' COMMENT '金额。这里小数保持6位，是因为这里的金额可能会是单价的意思. ',
  `WASTE_RATE` decimal(6,6) DEFAULT '0.000000' COMMENT '损耗率',
  `DISTRIBUTION` decimal(6,6) DEFAULT '0.000000' COMMENT '分摊比例. ',
  `REL_EXT` varchar(1000) DEFAULT '' COMMENT 'BOM 扩充字段',
  `STATUS` tinyint(4) NOT NULL DEFAULT '1' COMMENT '-1 : to be archived\n               0:  表示无效. \n               1:表示有效 \n               ',
  `CRT_TIME` datetime NOT NULL,
  `CREATOR` varchar(40) NOT NULL DEFAULT '' COMMENT '系统创建默认视图，个人创建自己的视图',
  `MOD_TIME` datetime DEFAULT NULL,
  `MODIFIER` varchar(40) DEFAULT '',
  `COMMENT` varchar(255) DEFAULT '',
  PRIMARY KEY (`ID`)
) ENGINE=InnoDB DEFAULT CHARSET=utf8 COMMENT='对象间关系表';

-- ----------------------------
-- Records of rpobject_rel
-- ----------------------------
INSERT INTO `rpobject_rel` VALUES ('20000160525PLEN020047', '20000', 'BOM', 'test-Gxq001', 'test-20000160525PLEN020057', null, '1.0000', '1.000000', '0.000000', null, null, '1', '2016-06-16 11:36:42', 'hefan', '2016-06-16 11:36:42', 'hefan', 'inventorytest');
INSERT INTO `rpobject_rel` VALUES ('20000160525PLEN020048', '20000', 'BOM', 'test-BiGan001', 'test-20000160525PLEN020057', null, '1.0000', '1.000000', '0.000000', null, null, '1', '2016-06-16 11:36:42', 'hefan', '2016-06-16 11:36:42', 'hefan', 'inventorytest');
INSERT INTO `rpobject_rel` VALUES ('20000160603GODS000064', '20000', 'BOM', 'gxq', '20000160603GODS000063', null, '1.0000', '1.000000', '0.000000', null, null, '1', '2016-06-03 13:43:23', 'hefan', '2016-06-03 13:43:23', 'hefan', '钢芯球');
INSERT INTO `rpobject_rel` VALUES ('20000160603GODS000065', '20000', 'BOM', '2', '20000160603GODS000063', null, '1.0000', '1.000000', '0.000000', null, null, '1', '2016-06-03 13:43:23', 'hefan', '2016-06-03 13:43:23', 'hefan', '笔杆');
INSERT INTO `rpobject_rel` VALUES ('20000160603GODS000068', '20000', 'BOM', 'gxq', '20000160603GODS000067', null, '1.0000', '1.000000', '0.000000', null, null, '1', '2016-06-03 13:43:25', 'hefan', '2016-06-03 13:43:25', 'hefan', '钢芯球');
INSERT INTO `rpobject_rel` VALUES ('20000160603GODS000069', '20000', 'BOM', '2', '20000160603GODS000067', null, '1.0000', '1.000000', '0.000000', null, null, '1', '2016-06-03 13:43:25', 'hefan', '2016-06-03 13:43:25', 'hefan', '笔杆');
INSERT INTO `rpobject_rel` VALUES ('20000160603GODS000079', '20000', 'BOM', 'gxq', '20000160603GODS000078', null, '1.0000', '1.000000', '0.000000', null, null, '1', '2016-06-03 17:28:22', 'hefan', '2016-06-03 17:28:22', 'hefan', '钢芯球');
INSERT INTO `rpobject_rel` VALUES ('20000160603GODS000080', '20000', 'BOM', '2', '20000160603GODS000078', null, '1.0000', '1.000000', '0.000000', null, null, '1', '2016-06-03 17:28:22', 'hefan', '2016-06-03 17:28:22', 'hefan', '笔杆');
INSERT INTO `rpobject_rel` VALUES ('20000160603GODS000083', '20000', 'BOM', 'gxq', '20000160603GODS000082', null, '1.0000', '1.000000', '0.000000', null, null, '1', '2016-06-03 17:28:23', 'hefan', '2016-06-03 17:28:23', 'hefan', '钢芯球');
INSERT INTO `rpobject_rel` VALUES ('20000160603GODS000084', '20000', 'BOM', '2', '20000160603GODS000082', null, '1.0000', '1.000000', '0.000000', null, null, '1', '2016-06-03 17:28:23', 'hefan', '2016-06-03 17:28:23', 'hefan', '笔杆');
INSERT INTO `rpobject_rel` VALUES ('20000160603GODS000086', '20000', 'BOM', 'gxq', '20000160603GODS000085', null, '1.0000', '1.000000', '0.000000', null, null, '1', '2016-06-03 17:37:39', 'hefan', '2016-06-03 17:37:39', 'hefan', '钢芯球');
INSERT INTO `rpobject_rel` VALUES ('20000160603GODS000087', '20000', 'BOM', '2', '20000160603GODS000085', null, '1.0000', '1.000000', '0.000000', null, null, '1', '2016-06-03 17:37:39', 'hefan', '2016-06-03 17:37:39', 'hefan', '笔杆');
INSERT INTO `rpobject_rel` VALUES ('20000160603GODS000090', '20000', 'BOM', 'gxq', '20000160603GODS000089', null, '1.0000', '1.000000', '0.000000', null, null, '1', '2016-06-03 17:37:39', 'hefan', '2016-06-03 17:37:39', 'hefan', '钢芯球');
INSERT INTO `rpobject_rel` VALUES ('20000160603GODS000091', '20000', 'BOM', '2', '20000160603GODS000089', null, '1.0000', '1.000000', '0.000000', null, null, '1', '2016-06-03 17:37:39', 'hefan', '2016-06-03 17:37:39', 'hefan', '笔杆');
INSERT INTO `rpobject_rel` VALUES ('20000160603GODS000093', '20000', 'BOM', 'gxq', '20000160603GODS000092', null, '1.0000', '1.000000', '0.000000', null, null, '1', '2016-06-03 17:39:52', 'hefan', '2016-06-03 17:39:52', 'hefan', '钢芯球');
INSERT INTO `rpobject_rel` VALUES ('20000160603GODS000094', '20000', 'BOM', '2', '20000160603GODS000092', null, '1.0000', '1.000000', '0.000000', null, null, '1', '2016-06-03 17:39:52', 'hefan', '2016-06-03 17:39:52', 'hefan', '笔杆');
INSERT INTO `rpobject_rel` VALUES ('20000160603GODS000097', '20000', 'BOM', 'gxq', '20000160603GODS000096', null, '1.0000', '1.000000', '0.000000', null, null, '1', '2016-06-03 17:39:53', 'hefan', '2016-06-03 17:39:53', 'hefan', '钢芯球');
INSERT INTO `rpobject_rel` VALUES ('20000160603GODS000098', '20000', 'BOM', '2', '20000160603GODS000096', null, '1.0000', '1.000000', '0.000000', null, null, '1', '2016-06-03 17:39:53', 'hefan', '2016-06-03 17:39:53', 'hefan', '笔杆');
INSERT INTO `rpobject_rel` VALUES ('20000160603GODS000100', '20000', 'BOM', 'gxq', '20000160603GODS000099', null, '1.0000', '1.000000', '0.000000', null, null, '1', '2016-06-03 17:40:12', 'hefan', '2016-06-03 17:40:12', 'hefan', '钢芯球');
INSERT INTO `rpobject_rel` VALUES ('20000160603GODS000101', '20000', 'BOM', '2', '20000160603GODS000099', null, '1.0000', '1.000000', '0.000000', null, null, '1', '2016-06-03 17:40:12', 'hefan', '2016-06-03 17:40:12', 'hefan', '笔杆');
INSERT INTO `rpobject_rel` VALUES ('20000160603GODS000104', '20000', 'BOM', 'gxq', '20000160603GODS000103', null, '1.0000', '1.000000', '0.000000', null, null, '1', '2016-06-03 17:40:13', 'hefan', '2016-06-03 17:40:13', 'hefan', '钢芯球');
INSERT INTO `rpobject_rel` VALUES ('20000160603GODS000105', '20000', 'BOM', '2', '20000160603GODS000103', null, '1.0000', '1.000000', '0.000000', null, null, '1', '2016-06-03 17:40:13', 'hefan', '2016-06-03 17:40:13', 'hefan', '笔杆');
INSERT INTO `rpobject_rel` VALUES ('20000160603GODS000107', '20000', 'BOM', 'gxq', '20000160603GODS000106', null, '1.0000', '1.000000', '0.000000', null, null, '1', '2016-06-03 17:46:23', 'hefan', '2016-06-03 17:46:23', 'hefan', '钢芯球');
INSERT INTO `rpobject_rel` VALUES ('20000160603GODS000108', '20000', 'BOM', '2', '20000160603GODS000106', null, '1.0000', '1.000000', '0.000000', null, null, '1', '2016-06-03 17:46:23', 'hefan', '2016-06-03 17:46:23', 'hefan', '笔杆');
INSERT INTO `rpobject_rel` VALUES ('20000160603GODS000111', '20000', 'BOM', 'gxq', '20000160603GODS000110', null, '1.0000', '1.000000', '0.000000', null, null, '1', '2016-06-03 17:46:24', 'hefan', '2016-06-03 17:46:24', 'hefan', '钢芯球');
INSERT INTO `rpobject_rel` VALUES ('20000160603GODS000112', '20000', 'BOM', '2', '20000160603GODS000110', null, '1.0000', '1.000000', '0.000000', null, null, '1', '2016-06-03 17:46:24', 'hefan', '2016-06-03 17:46:24', 'hefan', '笔杆');
INSERT INTO `rpobject_rel` VALUES ('20000160603GODS000114', '20000', 'BOM', 'gxq', '20000160603GODS000113', null, '1.0000', '1.000000', '0.000000', null, null, '1', '2016-06-03 18:06:43', 'hefan', '2016-06-03 18:06:43', 'hefan', '钢芯球');
INSERT INTO `rpobject_rel` VALUES ('20000160603GODS000115', '20000', 'BOM', '2', '20000160603GODS000113', null, '1.0000', '1.000000', '0.000000', null, null, '1', '2016-06-03 18:06:43', 'hefan', '2016-06-03 18:06:43', 'hefan', '笔杆');
INSERT INTO `rpobject_rel` VALUES ('20000160603GODS000118', '20000', 'BOM', 'gxq', '20000160603GODS000117', null, '1.0000', '1.000000', '0.000000', null, null, '1', '2016-06-03 18:06:44', 'hefan', '2016-06-03 18:06:44', 'hefan', '钢芯球');
INSERT INTO `rpobject_rel` VALUES ('20000160603GODS000119', '20000', 'BOM', '2', '20000160603GODS000117', null, '1.0000', '1.000000', '0.000000', null, null, '1', '2016-06-03 18:06:44', 'hefan', '2016-06-03 18:06:44', 'hefan', '笔杆');
INSERT INTO `rpobject_rel` VALUES ('20000160603GODS000121', '20000', 'BOM', 'gxq', '20000160603GODS000120', null, '1.0000', '1.000000', '0.000000', null, null, '1', '2016-06-03 18:36:38', 'hefan', '2016-06-03 18:36:38', 'hefan', '钢芯球');
INSERT INTO `rpobject_rel` VALUES ('20000160603GODS000122', '20000', 'BOM', '2', '20000160603GODS000120', null, '1.0000', '1.000000', '0.000000', null, null, '1', '2016-06-03 18:36:38', 'hefan', '2016-06-03 18:36:38', 'hefan', '笔杆');
INSERT INTO `rpobject_rel` VALUES ('20000160603GODS000125', '20000', 'BOM', 'gxq', '20000160603GODS000124', null, '1.0000', '1.000000', '0.000000', null, null, '1', '2016-06-03 18:36:39', 'hefan', '2016-06-03 18:36:39', 'hefan', '钢芯球');
INSERT INTO `rpobject_rel` VALUES ('20000160603GODS000126', '20000', 'BOM', '2', '20000160603GODS000124', null, '1.0000', '1.000000', '0.000000', null, null, '1', '2016-06-03 18:36:39', 'hefan', '2016-06-03 18:36:39', 'hefan', '笔杆');
INSERT INTO `rpobject_rel` VALUES ('20000160603GODS000128', '20000', 'BOM', 'gxq', '20000160603GODS000127', null, '1.0000', '1.000000', '0.000000', null, null, '1', '2016-06-03 19:06:38', 'hefan', '2016-06-03 19:06:38', 'hefan', '钢芯球');
INSERT INTO `rpobject_rel` VALUES ('20000160603GODS000129', '20000', 'BOM', '2', '20000160603GODS000127', null, '1.0000', '1.000000', '0.000000', null, null, '1', '2016-06-03 19:06:38', 'hefan', '2016-06-03 19:06:38', 'hefan', '笔杆');
INSERT INTO `rpobject_rel` VALUES ('20000160603GODS000132', '20000', 'BOM', 'gxq', '20000160603GODS000131', null, '1.0000', '1.000000', '0.000000', null, null, '1', '2016-06-03 19:06:39', 'hefan', '2016-06-03 19:06:39', 'hefan', '钢芯球');
INSERT INTO `rpobject_rel` VALUES ('20000160603GODS000133', '20000', 'BOM', '2', '20000160603GODS000131', null, '1.0000', '1.000000', '0.000000', null, null, '1', '2016-06-03 19:06:39', 'hefan', '2016-06-03 19:06:39', 'hefan', '笔杆');
INSERT INTO `rpobject_rel` VALUES ('20000160603GODS000135', '20000', 'BOM', 'gxq', '20000160603GODS000134', null, '1.0000', '1.000000', '0.000000', null, null, '1', '2016-06-03 19:36:33', 'hefan', '2016-06-03 19:36:33', 'hefan', '钢芯球');
INSERT INTO `rpobject_rel` VALUES ('20000160603GODS000136', '20000', 'BOM', '2', '20000160603GODS000134', null, '1.0000', '1.000000', '0.000000', null, null, '1', '2016-06-03 19:36:33', 'hefan', '2016-06-03 19:36:33', 'hefan', '笔杆');
INSERT INTO `rpobject_rel` VALUES ('20000160603GODS000139', '20000', 'BOM', 'gxq', '20000160603GODS000138', null, '1.0000', '1.000000', '0.000000', null, null, '1', '2016-06-03 19:36:34', 'hefan', '2016-06-03 19:36:34', 'hefan', '钢芯球');
INSERT INTO `rpobject_rel` VALUES ('20000160603GODS000140', '20000', 'BOM', '2', '20000160603GODS000138', null, '1.0000', '1.000000', '0.000000', null, null, '1', '2016-06-03 19:36:34', 'hefan', '2016-06-03 19:36:34', 'hefan', '笔杆');
INSERT INTO `rpobject_rel` VALUES ('20000160603GODS000142', '20000', 'BOM', 'gxq', '20000160603GODS000141', null, '1.0000', '1.000000', '0.000000', null, null, '1', '2016-06-06 09:37:10', 'hefan', '2016-06-06 09:37:10', 'hefan', '钢芯球');
INSERT INTO `rpobject_rel` VALUES ('20000160603GODS000143', '20000', 'BOM', '2', '20000160603GODS000141', null, '1.0000', '1.000000', '0.000000', null, null, '1', '2016-06-06 09:37:10', 'hefan', '2016-06-06 09:37:10', 'hefan', '笔杆');
INSERT INTO `rpobject_rel` VALUES ('20000160603GODS000146', '20000', 'BOM', 'gxq', '20000160603GODS000145', null, '1.0000', '1.000000', '0.000000', null, null, '1', '2016-06-06 09:37:11', 'hefan', '2016-06-06 09:37:11', 'hefan', '钢芯球');
INSERT INTO `rpobject_rel` VALUES ('20000160603GODS000147', '20000', 'BOM', '2', '20000160603GODS000145', null, '1.0000', '1.000000', '0.000000', null, null, '1', '2016-06-06 09:37:11', 'hefan', '2016-06-06 09:37:11', 'hefan', '笔杆');
INSERT INTO `rpobject_rel` VALUES ('20000160603GODS000149', '20000', 'BOM', 'gxq', '20000160603GODS000148', null, '1.0000', '1.000000', '0.000000', null, null, '1', '2016-06-06 10:06:39', 'hefan', '2016-06-06 10:06:39', 'hefan', '钢芯球');
INSERT INTO `rpobject_rel` VALUES ('20000160603GODS000150', '20000', 'BOM', '2', '20000160603GODS000148', null, '1.0000', '1.000000', '0.000000', null, null, '1', '2016-06-06 10:06:39', 'hefan', '2016-06-06 10:06:39', 'hefan', '笔杆');
INSERT INTO `rpobject_rel` VALUES ('20000160603GODS000153', '20000', 'BOM', 'gxq', '20000160603GODS000152', null, '1.0000', '1.000000', '0.000000', null, null, '1', '2016-06-06 10:06:40', 'hefan', '2016-06-06 10:06:40', 'hefan', '钢芯球');
INSERT INTO `rpobject_rel` VALUES ('20000160603GODS000154', '20000', 'BOM', '2', '20000160603GODS000152', null, '1.0000', '1.000000', '0.000000', null, null, '1', '2016-06-06 10:06:40', 'hefan', '2016-06-06 10:06:40', 'hefan', '笔杆');
INSERT INTO `rpobject_rel` VALUES ('20000160606GODS000002', '20000', 'BOM', 'gxq', '20000160606GODS000001', null, '1.0000', '1.000000', '0.000000', null, null, '1', '2016-06-06 11:06:24', 'hefan', '2016-06-06 11:06:24', 'hefan', '钢芯球');
INSERT INTO `rpobject_rel` VALUES ('20000160606GODS000003', '20000', 'BOM', '2', '20000160606GODS000001', null, '1.0000', '1.000000', '0.000000', null, null, '1', '2016-06-06 11:06:24', 'hefan', '2016-06-06 11:06:24', 'hefan', '笔杆');
INSERT INTO `rpobject_rel` VALUES ('20000160606GODS000006', '20000', 'BOM', 'gxq', '20000160606GODS000005', null, '1.0000', '1.000000', '0.000000', null, null, '1', '2016-06-06 11:06:25', 'hefan', '2016-06-06 11:06:25', 'hefan', '钢芯球');
INSERT INTO `rpobject_rel` VALUES ('20000160606GODS000007', '20000', 'BOM', '2', '20000160606GODS000005', null, '1.0000', '1.000000', '0.000000', null, null, '1', '2016-06-06 11:06:25', 'hefan', '2016-06-06 11:06:25', 'hefan', '笔杆');
INSERT INTO `rpobject_rel` VALUES ('20000160606GODS000009', '20000', 'BOM', 'gxq', '20000160606GODS000008', null, '1.0000', '1.000000', '0.000000', null, null, '1', '2016-06-06 11:07:22', 'hefan', '2016-06-06 11:07:22', 'hefan', '钢芯球');
INSERT INTO `rpobject_rel` VALUES ('20000160606GODS000010', '20000', 'BOM', '2', '20000160606GODS000008', null, '1.0000', '1.000000', '0.000000', null, null, '1', '2016-06-06 11:07:22', 'hefan', '2016-06-06 11:07:22', 'hefan', '笔杆');
INSERT INTO `rpobject_rel` VALUES ('20000160606GODS000013', '20000', 'BOM', 'gxq', '20000160606GODS000012', null, '1.0000', '1.000000', '0.000000', null, null, '1', '2016-06-06 11:07:22', 'hefan', '2016-06-06 11:07:22', 'hefan', '钢芯球');
INSERT INTO `rpobject_rel` VALUES ('20000160606GODS000014', '20000', 'BOM', '2', '20000160606GODS000012', null, '1.0000', '1.000000', '0.000000', null, null, '1', '2016-06-06 11:07:22', 'hefan', '2016-06-06 11:07:22', 'hefan', '笔杆');
INSERT INTO `rpobject_rel` VALUES ('20000160606GODS000016', '20000', 'BOM', 'gxq', '20000160606GODS000015', null, '1.0000', '1.000000', '0.000000', null, null, '1', '2016-06-06 17:06:41', 'hefan', '2016-06-06 17:06:41', 'hefan', '钢芯球');
INSERT INTO `rpobject_rel` VALUES ('20000160606GODS000017', '20000', 'BOM', '2', '20000160606GODS000015', null, '1.0000', '1.000000', '0.000000', null, null, '1', '2016-06-06 17:06:41', 'hefan', '2016-06-06 17:06:41', 'hefan', '笔杆');
INSERT INTO `rpobject_rel` VALUES ('20000160606GODS000020', '20000', 'BOM', 'gxq', '20000160606GODS000019', null, '1.0000', '1.000000', '0.000000', null, null, '1', '2016-06-06 17:06:42', 'hefan', '2016-06-06 17:06:42', 'hefan', '钢芯球');
INSERT INTO `rpobject_rel` VALUES ('20000160606GODS000021', '20000', 'BOM', '2', '20000160606GODS000019', null, '1.0000', '1.000000', '0.000000', null, null, '1', '2016-06-06 17:06:42', 'hefan', '2016-06-06 17:06:42', 'hefan', '笔杆');
INSERT INTO `rpobject_rel` VALUES ('20000160606GODS000023', '20000', 'BOM', 'gxq', '20000160606GODS000022', null, '1.0000', '1.000000', '0.000000', null, null, '1', '2016-06-06 17:36:38', 'hefan', '2016-06-06 17:36:38', 'hefan', '钢芯球');
INSERT INTO `rpobject_rel` VALUES ('20000160606GODS000024', '20000', 'BOM', '2', '20000160606GODS000022', null, '1.0000', '1.000000', '0.000000', null, null, '1', '2016-06-06 17:36:38', 'hefan', '2016-06-06 17:36:38', 'hefan', '笔杆');
INSERT INTO `rpobject_rel` VALUES ('20000160606GODS000027', '20000', 'BOM', 'gxq', '20000160606GODS000026', null, '1.0000', '1.000000', '0.000000', null, null, '1', '2016-06-06 17:36:39', 'hefan', '2016-06-06 17:36:39', 'hefan', '钢芯球');
INSERT INTO `rpobject_rel` VALUES ('20000160606GODS000028', '20000', 'BOM', '2', '20000160606GODS000026', null, '1.0000', '1.000000', '0.000000', null, null, '1', '2016-06-06 17:36:39', 'hefan', '2016-06-06 17:36:39', 'hefan', '笔杆');
INSERT INTO `rpobject_rel` VALUES ('20000160606GODS000030', '20000', 'BOM', 'gxq', '20000160606GODS000029', null, '1.0000', '1.000000', '0.000000', null, null, '1', '2016-06-06 18:36:37', 'hefan', '2016-06-06 18:36:37', 'hefan', '钢芯球');
INSERT INTO `rpobject_rel` VALUES ('20000160606GODS000031', '20000', 'BOM', '2', '20000160606GODS000029', null, '1.0000', '1.000000', '0.000000', null, null, '1', '2016-06-06 18:36:37', 'hefan', '2016-06-06 18:36:37', 'hefan', '笔杆');
INSERT INTO `rpobject_rel` VALUES ('20000160606GODS000034', '20000', 'BOM', 'gxq', '20000160606GODS000033', null, '1.0000', '1.000000', '0.000000', null, null, '1', '2016-06-06 18:36:38', 'hefan', '2016-06-06 18:36:38', 'hefan', '钢芯球');
INSERT INTO `rpobject_rel` VALUES ('20000160606GODS000035', '20000', 'BOM', '2', '20000160606GODS000033', null, '1.0000', '1.000000', '0.000000', null, null, '1', '2016-06-06 18:36:38', 'hefan', '2016-06-06 18:36:38', 'hefan', '笔杆');
INSERT INTO `rpobject_rel` VALUES ('20000160606GODS000037', '20000', 'BOM', 'gxq', '20000160606GODS000036', null, '1.0000', '1.000000', '0.000000', null, null, '1', '2016-06-06 19:06:37', 'hefan', '2016-06-06 19:06:37', 'hefan', '钢芯球');
INSERT INTO `rpobject_rel` VALUES ('20000160606GODS000038', '20000', 'BOM', '2', '20000160606GODS000036', null, '1.0000', '1.000000', '0.000000', null, null, '1', '2016-06-06 19:06:37', 'hefan', '2016-06-06 19:06:37', 'hefan', '笔杆');
INSERT INTO `rpobject_rel` VALUES ('20000160606GODS000041', '20000', 'BOM', 'gxq', '20000160606GODS000040', null, '1.0000', '1.000000', '0.000000', null, null, '1', '2016-06-06 19:06:38', 'hefan', '2016-06-06 19:06:38', 'hefan', '钢芯球');
INSERT INTO `rpobject_rel` VALUES ('20000160606GODS000042', '20000', 'BOM', '2', '20000160606GODS000040', null, '1.0000', '1.000000', '0.000000', null, null, '1', '2016-06-06 19:06:38', 'hefan', '2016-06-06 19:06:38', 'hefan', '笔杆');
INSERT INTO `rpobject_rel` VALUES ('20000160607GODS000002', '20000', 'BOM', 'gxq', '20000160607GODS000001', null, '1.0000', '1.000000', '0.000000', null, null, '1', '2016-06-07 10:37:28', 'hefan', '2016-06-07 10:37:28', 'hefan', '钢芯球');
INSERT INTO `rpobject_rel` VALUES ('20000160607GODS000003', '20000', 'BOM', '2', '20000160607GODS000001', null, '1.0000', '1.000000', '0.000000', null, null, '1', '2016-06-07 10:37:28', 'hefan', '2016-06-07 10:37:28', 'hefan', '笔杆');
INSERT INTO `rpobject_rel` VALUES ('20000160607GODS000006', '20000', 'BOM', 'gxq', '20000160607GODS000005', null, '1.0000', '1.000000', '0.000000', null, null, '1', '2016-06-07 10:37:29', 'hefan', '2016-06-07 10:37:29', 'hefan', '钢芯球');
INSERT INTO `rpobject_rel` VALUES ('20000160607GODS000007', '20000', 'BOM', '2', '20000160607GODS000005', null, '1.0000', '1.000000', '0.000000', null, null, '1', '2016-06-07 10:37:29', 'hefan', '2016-06-07 10:37:29', 'hefan', '笔杆');
INSERT INTO `rpobject_rel` VALUES ('20000160607GODS000009', '20000', 'BOM', 'gxq', '20000160607GODS000008', null, '1.0000', '1.000000', '0.000000', null, null, '1', '2016-06-07 11:36:50', 'hefan', '2016-06-07 11:36:50', 'hefan', '钢芯球');
INSERT INTO `rpobject_rel` VALUES ('20000160607GODS000010', '20000', 'BOM', '2', '20000160607GODS000008', null, '1.0000', '1.000000', '0.000000', null, null, '1', '2016-06-07 11:36:50', 'hefan', '2016-06-07 11:36:50', 'hefan', '笔杆');
INSERT INTO `rpobject_rel` VALUES ('20000160607GODS000013', '20000', 'BOM', 'gxq', '20000160607GODS000012', null, '1.0000', '1.000000', '0.000000', null, null, '1', '2016-06-07 11:36:51', 'hefan', '2016-06-07 11:36:51', 'hefan', '钢芯球');
INSERT INTO `rpobject_rel` VALUES ('20000160607GODS000014', '20000', 'BOM', '2', '20000160607GODS000012', null, '1.0000', '1.000000', '0.000000', null, null, '1', '2016-06-07 11:36:51', 'hefan', '2016-06-07 11:36:51', 'hefan', '笔杆');
INSERT INTO `rpobject_rel` VALUES ('20000160607GODS000016', '20000', 'BOM', 'gxq', '20000160607GODS000015', null, '1.0000', '1.000000', '0.000000', null, null, '1', '2016-06-07 14:06:35', 'hefan', '2016-06-07 14:06:35', 'hefan', '钢芯球');
INSERT INTO `rpobject_rel` VALUES ('20000160607GODS000017', '20000', 'BOM', '2', '20000160607GODS000015', null, '1.0000', '1.000000', '0.000000', null, null, '1', '2016-06-07 14:06:35', 'hefan', '2016-06-07 14:06:35', 'hefan', '笔杆');
INSERT INTO `rpobject_rel` VALUES ('20000160607GODS000020', '20000', 'BOM', 'gxq', '20000160607GODS000019', null, '1.0000', '1.000000', '0.000000', null, null, '1', '2016-06-07 14:06:36', 'hefan', '2016-06-07 14:06:36', 'hefan', '钢芯球');
INSERT INTO `rpobject_rel` VALUES ('20000160607GODS000021', '20000', 'BOM', '2', '20000160607GODS000019', null, '1.0000', '1.000000', '0.000000', null, null, '1', '2016-06-07 14:06:36', 'hefan', '2016-06-07 14:06:36', 'hefan', '笔杆');
INSERT INTO `rpobject_rel` VALUES ('20000160607GODS000023', '20000', 'BOM', 'gxq', '20000160607GODS000022', null, '1.0000', '1.000000', '0.000000', null, null, '1', '2016-06-07 14:36:36', 'hefan', '2016-06-07 14:36:36', 'hefan', '钢芯球');
INSERT INTO `rpobject_rel` VALUES ('20000160607GODS000024', '20000', 'BOM', '2', '20000160607GODS000022', null, '1.0000', '1.000000', '0.000000', null, null, '1', '2016-06-07 14:36:36', 'hefan', '2016-06-07 14:36:36', 'hefan', '笔杆');
INSERT INTO `rpobject_rel` VALUES ('20000160607GODS000027', '20000', 'BOM', 'gxq', '20000160607GODS000026', null, '1.0000', '1.000000', '0.000000', null, null, '1', '2016-06-07 14:36:37', 'hefan', '2016-06-07 14:36:37', 'hefan', '钢芯球');
INSERT INTO `rpobject_rel` VALUES ('20000160607GODS000028', '20000', 'BOM', '2', '20000160607GODS000026', null, '1.0000', '1.000000', '0.000000', null, null, '1', '2016-06-07 14:36:37', 'hefan', '2016-06-07 14:36:37', 'hefan', '笔杆');
INSERT INTO `rpobject_rel` VALUES ('20000160607GODS000030', '20000', 'BOM', 'gxq', '20000160607GODS000029', null, '1.0000', '1.000000', '0.000000', null, null, '1', '2016-06-07 15:06:32', 'hefan', '2016-06-07 15:06:32', 'hefan', '钢芯球');
INSERT INTO `rpobject_rel` VALUES ('20000160607GODS000031', '20000', 'BOM', '2', '20000160607GODS000029', null, '1.0000', '1.000000', '0.000000', null, null, '1', '2016-06-07 15:06:32', 'hefan', '2016-06-07 15:06:32', 'hefan', '笔杆');
INSERT INTO `rpobject_rel` VALUES ('20000160607GODS000034', '20000', 'BOM', 'gxq', '20000160607GODS000033', null, '1.0000', '1.000000', '0.000000', null, null, '1', '2016-06-07 15:06:32', 'hefan', '2016-06-07 15:06:32', 'hefan', '钢芯球');
INSERT INTO `rpobject_rel` VALUES ('20000160607GODS000035', '20000', 'BOM', '2', '20000160607GODS000033', null, '1.0000', '1.000000', '0.000000', null, null, '1', '2016-06-07 15:06:32', 'hefan', '2016-06-07 15:06:32', 'hefan', '笔杆');
INSERT INTO `rpobject_rel` VALUES ('20000160607GODS000037', '20000', 'BOM', 'gxq', '20000160607GODS000036', null, '1.0000', '1.000000', '0.000000', null, null, '1', '2016-06-07 16:36:38', 'hefan', '2016-06-07 16:36:38', 'hefan', '钢芯球');
INSERT INTO `rpobject_rel` VALUES ('20000160607GODS000038', '20000', 'BOM', '2', '20000160607GODS000036', null, '1.0000', '1.000000', '0.000000', null, null, '1', '2016-06-07 16:36:38', 'hefan', '2016-06-07 16:36:38', 'hefan', '笔杆');
INSERT INTO `rpobject_rel` VALUES ('20000160607GODS000041', '20000', 'BOM', 'gxq', '20000160607GODS000040', null, '1.0000', '1.000000', '0.000000', null, null, '1', '2016-06-07 16:36:39', 'hefan', '2016-06-07 16:36:39', 'hefan', '钢芯球');
INSERT INTO `rpobject_rel` VALUES ('20000160607GODS000042', '20000', 'BOM', '2', '20000160607GODS000040', null, '1.0000', '1.000000', '0.000000', null, null, '1', '2016-06-07 16:36:39', 'hefan', '2016-06-07 16:36:39', 'hefan', '笔杆');
INSERT INTO `rpobject_rel` VALUES ('20000160607GODS000044', '20000', 'BOM', 'gxq', '20000160607GODS000043', null, '1.0000', '1.000000', '0.000000', null, null, '1', '2016-06-07 17:06:42', 'hefan', '2016-06-07 17:06:42', 'hefan', '钢芯球');
INSERT INTO `rpobject_rel` VALUES ('20000160607GODS000045', '20000', 'BOM', '2', '20000160607GODS000043', null, '1.0000', '1.000000', '0.000000', null, null, '1', '2016-06-07 17:06:42', 'hefan', '2016-06-07 17:06:42', 'hefan', '笔杆');
INSERT INTO `rpobject_rel` VALUES ('20000160607GODS000048', '20000', 'BOM', 'gxq', '20000160607GODS000047', null, '1.0000', '1.000000', '0.000000', null, null, '1', '2016-06-07 17:06:43', 'hefan', '2016-06-07 17:06:43', 'hefan', '钢芯球');
INSERT INTO `rpobject_rel` VALUES ('20000160607GODS000049', '20000', 'BOM', '2', '20000160607GODS000047', null, '1.0000', '1.000000', '0.000000', null, null, '1', '2016-06-07 17:06:43', 'hefan', '2016-06-07 17:06:43', 'hefan', '笔杆');
INSERT INTO `rpobject_rel` VALUES ('20000160607GODS000051', '20000', 'BOM', 'gxq', '20000160607GODS000050', null, '1.0000', '1.000000', '0.000000', null, null, '1', '2016-06-07 17:36:38', 'hefan', '2016-06-07 17:36:38', 'hefan', '钢芯球');
INSERT INTO `rpobject_rel` VALUES ('20000160607GODS000052', '20000', 'BOM', '2', '20000160607GODS000050', null, '1.0000', '1.000000', '0.000000', null, null, '1', '2016-06-07 17:36:38', 'hefan', '2016-06-07 17:36:38', 'hefan', '笔杆');
INSERT INTO `rpobject_rel` VALUES ('20000160607GODS000055', '20000', 'BOM', 'gxq', '20000160607GODS000054', null, '1.0000', '1.000000', '0.000000', null, null, '1', '2016-06-07 17:36:39', 'hefan', '2016-06-07 17:36:39', 'hefan', '钢芯球');
INSERT INTO `rpobject_rel` VALUES ('20000160607GODS000056', '20000', 'BOM', '2', '20000160607GODS000054', null, '1.0000', '1.000000', '0.000000', null, null, '1', '2016-06-07 17:36:39', 'hefan', '2016-06-07 17:36:39', 'hefan', '笔杆');
INSERT INTO `rpobject_rel` VALUES ('20000160607GODS000058', '20000', 'BOM', 'gxq', '20000160607GODS000057', null, '1.0000', '1.000000', '0.000000', null, null, '1', '2016-06-07 18:06:52', 'hefan', '2016-06-07 18:06:52', 'hefan', '钢芯球');
INSERT INTO `rpobject_rel` VALUES ('20000160607GODS000059', '20000', 'BOM', '2', '20000160607GODS000057', null, '1.0000', '1.000000', '0.000000', null, null, '1', '2016-06-07 18:06:52', 'hefan', '2016-06-07 18:06:52', 'hefan', '笔杆');
INSERT INTO `rpobject_rel` VALUES ('20000160607GODS000062', '20000', 'BOM', 'gxq', '20000160607GODS000061', null, '1.0000', '1.000000', '0.000000', null, null, '1', '2016-06-07 18:06:52', 'hefan', '2016-06-07 18:06:52', 'hefan', '钢芯球');
INSERT INTO `rpobject_rel` VALUES ('20000160607GODS000063', '20000', 'BOM', '2', '20000160607GODS000061', null, '1.0000', '1.000000', '0.000000', null, null, '1', '2016-06-07 18:06:52', 'hefan', '2016-06-07 18:06:52', 'hefan', '笔杆');
INSERT INTO `rpobject_rel` VALUES ('20000160607GODS000065', '20000', 'BOM', 'gxq', '20000160607GODS000064', null, '1.0000', '1.000000', '0.000000', null, null, '1', '2016-06-07 18:36:46', 'hefan', '2016-06-07 18:36:46', 'hefan', '钢芯球');
INSERT INTO `rpobject_rel` VALUES ('20000160607GODS000066', '20000', 'BOM', '2', '20000160607GODS000064', null, '1.0000', '1.000000', '0.000000', null, null, '1', '2016-06-07 18:36:46', 'hefan', '2016-06-07 18:36:46', 'hefan', '笔杆');
INSERT INTO `rpobject_rel` VALUES ('20000160607GODS000069', '20000', 'BOM', 'gxq', '20000160607GODS000068', null, '1.0000', '1.000000', '0.000000', null, null, '1', '2016-06-07 18:36:47', 'hefan', '2016-06-07 18:36:47', 'hefan', '钢芯球');
INSERT INTO `rpobject_rel` VALUES ('20000160607GODS000070', '20000', 'BOM', '2', '20000160607GODS000068', null, '1.0000', '1.000000', '0.000000', null, null, '1', '2016-06-07 18:36:47', 'hefan', '2016-06-07 18:36:47', 'hefan', '笔杆');
INSERT INTO `rpobject_rel` VALUES ('20000160607GODS000072', '20000', 'BOM', 'gxq', '20000160607GODS000071', null, '1.0000', '1.000000', '0.000000', null, null, '1', '2016-06-07 19:36:42', 'hefan', '2016-06-07 19:36:42', 'hefan', '钢芯球');
INSERT INTO `rpobject_rel` VALUES ('20000160607GODS000073', '20000', 'BOM', '2', '20000160607GODS000071', null, '1.0000', '1.000000', '0.000000', null, null, '1', '2016-06-07 19:36:42', 'hefan', '2016-06-07 19:36:42', 'hefan', '笔杆');
INSERT INTO `rpobject_rel` VALUES ('20000160607GODS000076', '20000', 'BOM', 'gxq', '20000160607GODS000075', null, '1.0000', '1.000000', '0.000000', null, null, '1', '2016-06-07 19:36:42', 'hefan', '2016-06-07 19:36:42', 'hefan', '钢芯球');
INSERT INTO `rpobject_rel` VALUES ('20000160607GODS000077', '20000', 'BOM', '2', '20000160607GODS000075', null, '1.0000', '1.000000', '0.000000', null, null, '1', '2016-06-07 19:36:42', 'hefan', '2016-06-07 19:36:42', 'hefan', '笔杆');
INSERT INTO `rpobject_rel` VALUES ('20000160608GODS000002', '20000', 'BOM', 'gxq', '20000160608GODS000001', null, '1.0000', '1.000000', '0.000000', null, null, '1', '2016-06-08 11:07:14', 'hefan', '2016-06-08 11:07:14', 'hefan', '钢芯球');
INSERT INTO `rpobject_rel` VALUES ('20000160608GODS000003', '20000', 'BOM', '2', '20000160608GODS000001', null, '1.0000', '1.000000', '0.000000', null, null, '1', '2016-06-08 11:07:14', 'hefan', '2016-06-08 11:07:14', 'hefan', '笔杆');
INSERT INTO `rpobject_rel` VALUES ('20000160608GODS000006', '20000', 'BOM', 'gxq', '20000160608GODS000005', null, '1.0000', '1.000000', '0.000000', null, null, '1', '2016-06-08 11:07:15', 'hefan', '2016-06-08 11:07:15', 'hefan', '钢芯球');
INSERT INTO `rpobject_rel` VALUES ('20000160608GODS000007', '20000', 'BOM', '2', '20000160608GODS000005', null, '1.0000', '1.000000', '0.000000', null, null, '1', '2016-06-08 11:07:15', 'hefan', '2016-06-08 11:07:15', 'hefan', '笔杆');
INSERT INTO `rpobject_rel` VALUES ('20000160608GODS000009', '20000', 'BOM', 'gxq', '20000160608GODS000008', null, '1.0000', '1.000000', '0.000000', null, null, '1', '2016-06-08 12:06:37', 'hefan', '2016-06-08 12:06:37', 'hefan', '钢芯球');
INSERT INTO `rpobject_rel` VALUES ('20000160608GODS000010', '20000', 'BOM', '2', '20000160608GODS000008', null, '1.0000', '1.000000', '0.000000', null, null, '1', '2016-06-08 12:06:37', 'hefan', '2016-06-08 12:06:37', 'hefan', '笔杆');
INSERT INTO `rpobject_rel` VALUES ('20000160608GODS000013', '20000', 'BOM', 'gxq', '20000160608GODS000012', null, '1.0000', '1.000000', '0.000000', null, null, '1', '2016-06-08 12:06:38', 'hefan', '2016-06-08 12:06:38', 'hefan', '钢芯球');
INSERT INTO `rpobject_rel` VALUES ('20000160608GODS000014', '20000', 'BOM', '2', '20000160608GODS000012', null, '1.0000', '1.000000', '0.000000', null, null, '1', '2016-06-08 12:06:38', 'hefan', '2016-06-08 12:06:38', 'hefan', '笔杆');
INSERT INTO `rpobject_rel` VALUES ('20000160608GODS000016', '20000', 'BOM', 'gxq', '20000160608GODS000015', null, '1.0000', '1.000000', '0.000000', null, null, '1', '2016-06-08 12:36:31', 'hefan', '2016-06-08 12:36:31', 'hefan', '钢芯球');
INSERT INTO `rpobject_rel` VALUES ('20000160608GODS000017', '20000', 'BOM', '2', '20000160608GODS000015', null, '1.0000', '1.000000', '0.000000', null, null, '1', '2016-06-08 12:36:31', 'hefan', '2016-06-08 12:36:31', 'hefan', '笔杆');
INSERT INTO `rpobject_rel` VALUES ('20000160608GODS000020', '20000', 'BOM', 'gxq', '20000160608GODS000019', null, '1.0000', '1.000000', '0.000000', null, null, '1', '2016-06-08 12:36:32', 'hefan', '2016-06-08 12:36:32', 'hefan', '钢芯球');
INSERT INTO `rpobject_rel` VALUES ('20000160608GODS000021', '20000', 'BOM', '2', '20000160608GODS000019', null, '1.0000', '1.000000', '0.000000', null, null, '1', '2016-06-08 12:36:32', 'hefan', '2016-06-08 12:36:32', 'hefan', '笔杆');
INSERT INTO `rpobject_rel` VALUES ('20000160608GODS000023', '20000', 'BOM', 'gxq', '20000160608GODS000022', null, '1.0000', '1.000000', '0.000000', null, null, '1', '2016-06-08 14:06:45', 'hefan', '2016-06-08 14:06:45', 'hefan', '钢芯球');
INSERT INTO `rpobject_rel` VALUES ('20000160608GODS000024', '20000', 'BOM', '2', '20000160608GODS000022', null, '1.0000', '1.000000', '0.000000', null, null, '1', '2016-06-08 14:06:45', 'hefan', '2016-06-08 14:06:45', 'hefan', '笔杆');
INSERT INTO `rpobject_rel` VALUES ('20000160608GODS000027', '20000', 'BOM', 'gxq', '20000160608GODS000026', null, '1.0000', '1.000000', '0.000000', null, null, '1', '2016-06-08 14:06:46', 'hefan', '2016-06-08 14:06:46', 'hefan', '钢芯球');
INSERT INTO `rpobject_rel` VALUES ('20000160608GODS000028', '20000', 'BOM', '2', '20000160608GODS000026', null, '1.0000', '1.000000', '0.000000', null, null, '1', '2016-06-08 14:06:46', 'hefan', '2016-06-08 14:06:46', 'hefan', '笔杆');
INSERT INTO `rpobject_rel` VALUES ('20000160608GODS000030', '20000', 'BOM', 'gxq', '20000160608GODS000029', null, '1.0000', '1.000000', '0.000000', null, null, '1', '2016-06-08 14:14:50', 'hefan', '2016-06-08 14:14:50', 'hefan', '钢芯球');
INSERT INTO `rpobject_rel` VALUES ('20000160608GODS000031', '20000', 'BOM', '2', '20000160608GODS000029', null, '1.0000', '1.000000', '0.000000', null, null, '1', '2016-06-08 14:14:50', 'hefan', '2016-06-08 14:14:50', 'hefan', '笔杆');
INSERT INTO `rpobject_rel` VALUES ('20000160608GODS000034', '20000', 'BOM', 'gxq', '20000160608GODS000033', null, '1.0000', '1.000000', '0.000000', null, null, '1', '2016-06-08 14:14:51', 'hefan', '2016-06-08 14:14:51', 'hefan', '钢芯球');
INSERT INTO `rpobject_rel` VALUES ('20000160608GODS000035', '20000', 'BOM', '2', '20000160608GODS000033', null, '1.0000', '1.000000', '0.000000', null, null, '1', '2016-06-08 14:14:51', 'hefan', '2016-06-08 14:14:51', 'hefan', '笔杆');
INSERT INTO `rpobject_rel` VALUES ('20000160608GODS000037', '20000', 'BOM', 'gxq', '20000160608GODS000036', null, '1.0000', '1.000000', '0.000000', null, null, '1', '2016-06-08 17:06:51', 'hefan', '2016-06-08 17:06:51', 'hefan', '钢芯球');
INSERT INTO `rpobject_rel` VALUES ('20000160608GODS000038', '20000', 'BOM', '2', '20000160608GODS000036', null, '1.0000', '1.000000', '0.000000', null, null, '1', '2016-06-08 17:06:51', 'hefan', '2016-06-08 17:06:51', 'hefan', '笔杆');
INSERT INTO `rpobject_rel` VALUES ('20000160608GODS000041', '20000', 'BOM', 'gxq', '20000160608GODS000040', null, '1.0000', '1.000000', '0.000000', null, null, '1', '2016-06-08 17:06:52', 'hefan', '2016-06-08 17:06:52', 'hefan', '钢芯球');
INSERT INTO `rpobject_rel` VALUES ('20000160608GODS000042', '20000', 'BOM', '2', '20000160608GODS000040', null, '1.0000', '1.000000', '0.000000', null, null, '1', '2016-06-08 17:06:52', 'hefan', '2016-06-08 17:06:52', 'hefan', '笔杆');
INSERT INTO `rpobject_rel` VALUES ('20000160608GODS000044', '20000', 'BOM', 'gxq', '20000160608GODS000043', null, '1.0000', '1.000000', '0.000000', null, null, '1', '2016-06-08 19:06:41', 'hefan', '2016-06-08 19:06:41', 'hefan', '钢芯球');
INSERT INTO `rpobject_rel` VALUES ('20000160608GODS000045', '20000', 'BOM', '2', '20000160608GODS000043', null, '1.0000', '1.000000', '0.000000', null, null, '1', '2016-06-08 19:06:41', 'hefan', '2016-06-08 19:06:41', 'hefan', '笔杆');
INSERT INTO `rpobject_rel` VALUES ('20000160608GODS000048', '20000', 'BOM', 'gxq', '20000160608GODS000047', null, '1.0000', '1.000000', '0.000000', null, null, '1', '2016-06-08 19:06:41', 'hefan', '2016-06-08 19:06:41', 'hefan', '钢芯球');
INSERT INTO `rpobject_rel` VALUES ('20000160608GODS000049', '20000', 'BOM', '2', '20000160608GODS000047', null, '1.0000', '1.000000', '0.000000', null, null, '1', '2016-06-08 19:06:41', 'hefan', '2016-06-08 19:06:41', 'hefan', '笔杆');
INSERT INTO `rpobject_rel` VALUES ('20000160608GODS000051', '20000', 'BOM', 'gxq', '20000160608GODS000050', null, '1.0000', '1.000000', '0.000000', null, null, '1', '2016-06-09 18:37:10', 'hefan', '2016-06-09 18:37:10', 'hefan', '钢芯球');
INSERT INTO `rpobject_rel` VALUES ('20000160608GODS000052', '20000', 'BOM', '2', '20000160608GODS000050', null, '1.0000', '1.000000', '0.000000', null, null, '1', '2016-06-09 18:37:10', 'hefan', '2016-06-09 18:37:10', 'hefan', '笔杆');
INSERT INTO `rpobject_rel` VALUES ('20000160608GODS000055', '20000', 'BOM', 'gxq', '20000160608GODS000054', null, '1.0000', '1.000000', '0.000000', null, null, '1', '2016-06-09 18:37:11', 'hefan', '2016-06-09 18:37:11', 'hefan', '钢芯球');
INSERT INTO `rpobject_rel` VALUES ('20000160608GODS000056', '20000', 'BOM', '2', '20000160608GODS000054', null, '1.0000', '1.000000', '0.000000', null, null, '1', '2016-06-09 18:37:11', 'hefan', '2016-06-09 18:37:11', 'hefan', '笔杆');
INSERT INTO `rpobject_rel` VALUES ('20000160612GODS000002', '20000', 'BOM', 'gxq', '20000160612GODS000001', null, '1.0000', '1.000000', '0.000000', null, null, '1', '2016-06-12 11:06:53', 'hefan', '2016-06-12 11:06:53', 'hefan', '钢芯球');
INSERT INTO `rpobject_rel` VALUES ('20000160612GODS000003', '20000', 'BOM', '2', '20000160612GODS000001', null, '1.0000', '1.000000', '0.000000', null, null, '1', '2016-06-12 11:06:53', 'hefan', '2016-06-12 11:06:53', 'hefan', '笔杆');
INSERT INTO `rpobject_rel` VALUES ('20000160612GODS000006', '20000', 'BOM', 'gxq', '20000160612GODS000005', null, '1.0000', '1.000000', '0.000000', null, null, '1', '2016-06-12 11:06:54', 'hefan', '2016-06-12 11:06:54', 'hefan', '钢芯球');
INSERT INTO `rpobject_rel` VALUES ('20000160612GODS000007', '20000', 'BOM', '2', '20000160612GODS000005', null, '1.0000', '1.000000', '0.000000', null, null, '1', '2016-06-12 11:06:54', 'hefan', '2016-06-12 11:06:54', 'hefan', '笔杆');
INSERT INTO `rpobject_rel` VALUES ('20000160612GODS000009', '20000', 'BOM', 'gxq', '20000160612GODS000008', null, '1.0000', '1.000000', '0.000000', null, null, '1', '2016-06-12 15:36:42', 'hefan', '2016-06-12 15:36:42', 'hefan', '钢芯球');
INSERT INTO `rpobject_rel` VALUES ('20000160612GODS000010', '20000', 'BOM', '2', '20000160612GODS000008', null, '1.0000', '1.000000', '0.000000', null, null, '1', '2016-06-12 15:36:42', 'hefan', '2016-06-12 15:36:42', 'hefan', '笔杆');
INSERT INTO `rpobject_rel` VALUES ('20000160612GODS000013', '20000', 'BOM', 'gxq', '20000160612GODS000012', null, '1.0000', '1.000000', '0.000000', null, null, '1', '2016-06-12 15:36:43', 'hefan', '2016-06-12 15:36:43', 'hefan', '钢芯球');
INSERT INTO `rpobject_rel` VALUES ('20000160612GODS000014', '20000', 'BOM', '2', '20000160612GODS000012', null, '1.0000', '1.000000', '0.000000', null, null, '1', '2016-06-12 15:36:43', 'hefan', '2016-06-12 15:36:43', 'hefan', '笔杆');
INSERT INTO `rpobject_rel` VALUES ('20000160612GODS000016', '20000', 'BOM', 'gxq', '20000160612GODS000015', null, '1.0000', '1.000000', '0.000000', null, null, '1', '2016-06-12 16:06:44', 'hefan', '2016-06-12 16:06:44', 'hefan', '钢芯球');
INSERT INTO `rpobject_rel` VALUES ('20000160612GODS000017', '20000', 'BOM', '2', '20000160612GODS000015', null, '1.0000', '1.000000', '0.000000', null, null, '1', '2016-06-12 16:06:44', 'hefan', '2016-06-12 16:06:44', 'hefan', '笔杆');
INSERT INTO `rpobject_rel` VALUES ('20000160612GODS000020', '20000', 'BOM', 'gxq', '20000160612GODS000019', null, '1.0000', '1.000000', '0.000000', null, null, '1', '2016-06-12 16:06:45', 'hefan', '2016-06-12 16:06:45', 'hefan', '钢芯球');
INSERT INTO `rpobject_rel` VALUES ('20000160612GODS000021', '20000', 'BOM', '2', '20000160612GODS000019', null, '1.0000', '1.000000', '0.000000', null, null, '1', '2016-06-12 16:06:45', 'hefan', '2016-06-12 16:06:45', 'hefan', '笔杆');
INSERT INTO `rpobject_rel` VALUES ('20000160612GODS000023', '20000', 'BOM', 'gxq', '20000160612GODS000022', null, '1.0000', '1.000000', '0.000000', null, null, '1', '2016-06-12 16:36:53', 'hefan', '2016-06-12 16:36:53', 'hefan', '钢芯球');
INSERT INTO `rpobject_rel` VALUES ('20000160612GODS000024', '20000', 'BOM', '2', '20000160612GODS000022', null, '1.0000', '1.000000', '0.000000', null, null, '1', '2016-06-12 16:36:53', 'hefan', '2016-06-12 16:36:53', 'hefan', '笔杆');
INSERT INTO `rpobject_rel` VALUES ('20000160612GODS000027', '20000', 'BOM', 'gxq', '20000160612GODS000026', null, '1.0000', '1.000000', '0.000000', null, null, '1', '2016-06-12 16:36:54', 'hefan', '2016-06-12 16:36:54', 'hefan', '钢芯球');
INSERT INTO `rpobject_rel` VALUES ('20000160612GODS000028', '20000', 'BOM', '2', '20000160612GODS000026', null, '1.0000', '1.000000', '0.000000', null, null, '1', '2016-06-12 16:36:54', 'hefan', '2016-06-12 16:36:54', 'hefan', '笔杆');
INSERT INTO `rpobject_rel` VALUES ('20000160612GODS000030', '20000', 'BOM', 'gxq', '20000160612GODS000029', null, '1.0000', '1.000000', '0.000000', null, null, '1', '2016-06-12 17:06:54', 'hefan', '2016-06-12 17:06:54', 'hefan', '钢芯球');
INSERT INTO `rpobject_rel` VALUES ('20000160612GODS000031', '20000', 'BOM', '2', '20000160612GODS000029', null, '1.0000', '1.000000', '0.000000', null, null, '1', '2016-06-12 17:06:54', 'hefan', '2016-06-12 17:06:54', 'hefan', '笔杆');
INSERT INTO `rpobject_rel` VALUES ('20000160612GODS000034', '20000', 'BOM', 'gxq', '20000160612GODS000033', null, '1.0000', '1.000000', '0.000000', null, null, '1', '2016-06-12 17:06:55', 'hefan', '2016-06-12 17:06:55', 'hefan', '钢芯球');
INSERT INTO `rpobject_rel` VALUES ('20000160612GODS000035', '20000', 'BOM', '2', '20000160612GODS000033', null, '1.0000', '1.000000', '0.000000', null, null, '1', '2016-06-12 17:06:55', 'hefan', '2016-06-12 17:06:55', 'hefan', '笔杆');
INSERT INTO `rpobject_rel` VALUES ('20000160612GODS000037', '20000', 'BOM', 'gxq', '20000160612GODS000036', null, '1.0000', '1.000000', '0.000000', null, null, '1', '2016-06-12 17:36:49', 'hefan', '2016-06-12 17:36:49', 'hefan', '钢芯球');
INSERT INTO `rpobject_rel` VALUES ('20000160612GODS000038', '20000', 'BOM', '2', '20000160612GODS000036', null, '1.0000', '1.000000', '0.000000', null, null, '1', '2016-06-12 17:36:49', 'hefan', '2016-06-12 17:36:49', 'hefan', '笔杆');
INSERT INTO `rpobject_rel` VALUES ('20000160612GODS000041', '20000', 'BOM', 'gxq', '20000160612GODS000040', null, '1.0000', '1.000000', '0.000000', null, null, '1', '2016-06-12 17:36:50', 'hefan', '2016-06-12 17:36:50', 'hefan', '钢芯球');
INSERT INTO `rpobject_rel` VALUES ('20000160612GODS000042', '20000', 'BOM', '2', '20000160612GODS000040', null, '1.0000', '1.000000', '0.000000', null, null, '1', '2016-06-12 17:36:50', 'hefan', '2016-06-12 17:36:50', 'hefan', '笔杆');
INSERT INTO `rpobject_rel` VALUES ('20000160612GODS000044', '20000', 'BOM', 'gxq', '20000160612GODS000043', null, '1.0000', '1.000000', '0.000000', null, null, '1', '2016-06-12 18:06:49', 'hefan', '2016-06-12 18:06:49', 'hefan', '钢芯球');
INSERT INTO `rpobject_rel` VALUES ('20000160612GODS000045', '20000', 'BOM', '2', '20000160612GODS000043', null, '1.0000', '1.000000', '0.000000', null, null, '1', '2016-06-12 18:06:49', 'hefan', '2016-06-12 18:06:49', 'hefan', '笔杆');
INSERT INTO `rpobject_rel` VALUES ('20000160612GODS000048', '20000', 'BOM', 'gxq', '20000160612GODS000047', null, '1.0000', '1.000000', '0.000000', null, null, '1', '2016-06-12 18:06:49', 'hefan', '2016-06-12 18:06:49', 'hefan', '钢芯球');
INSERT INTO `rpobject_rel` VALUES ('20000160612GODS000049', '20000', 'BOM', '2', '20000160612GODS000047', null, '1.0000', '1.000000', '0.000000', null, null, '1', '2016-06-12 18:06:49', 'hefan', '2016-06-12 18:06:49', 'hefan', '笔杆');
INSERT INTO `rpobject_rel` VALUES ('20000160612GODS000051', '20000', 'BOM', 'gxq', '20000160612GODS000050', null, '1.0000', '1.000000', '0.000000', null, null, '1', '2016-06-12 18:36:43', 'hefan', '2016-06-12 18:36:43', 'hefan', '钢芯球');
INSERT INTO `rpobject_rel` VALUES ('20000160612GODS000052', '20000', 'BOM', '2', '20000160612GODS000050', null, '1.0000', '1.000000', '0.000000', null, null, '1', '2016-06-12 18:36:43', 'hefan', '2016-06-12 18:36:43', 'hefan', '笔杆');
INSERT INTO `rpobject_rel` VALUES ('20000160612GODS000055', '20000', 'BOM', 'gxq', '20000160612GODS000054', null, '1.0000', '1.000000', '0.000000', null, null, '1', '2016-06-12 18:36:44', 'hefan', '2016-06-12 18:36:44', 'hefan', '钢芯球');
INSERT INTO `rpobject_rel` VALUES ('20000160612GODS000056', '20000', 'BOM', '2', '20000160612GODS000054', null, '1.0000', '1.000000', '0.000000', null, null, '1', '2016-06-12 18:36:44', 'hefan', '2016-06-12 18:36:44', 'hefan', '笔杆');
INSERT INTO `rpobject_rel` VALUES ('20000160613GODS000002', '20000', 'BOM', 'gxq', '20000160613GODS000001', null, '1.0000', '1.000000', '0.000000', null, null, '1', '2016-06-13 10:07:17', 'hefan', '2016-06-13 10:07:17', 'hefan', '钢芯球');
INSERT INTO `rpobject_rel` VALUES ('20000160613GODS000003', '20000', 'BOM', '2', '20000160613GODS000001', null, '1.0000', '1.000000', '0.000000', null, null, '1', '2016-06-13 10:07:17', 'hefan', '2016-06-13 10:07:17', 'hefan', '笔杆');
INSERT INTO `rpobject_rel` VALUES ('20000160613GODS000006', '20000', 'BOM', 'gxq', '20000160613GODS000005', null, '1.0000', '1.000000', '0.000000', null, null, '1', '2016-06-13 10:07:18', 'hefan', '2016-06-13 10:07:18', 'hefan', '钢芯球');
INSERT INTO `rpobject_rel` VALUES ('20000160613GODS000007', '20000', 'BOM', '2', '20000160613GODS000005', null, '1.0000', '1.000000', '0.000000', null, null, '1', '2016-06-13 10:07:18', 'hefan', '2016-06-13 10:07:18', 'hefan', '笔杆');
INSERT INTO `rpobject_rel` VALUES ('20000160613GODS000009', '20000', 'BOM', 'gxq', '20000160613GODS000008', null, '1.0000', '1.000000', '0.000000', null, null, '1', '2016-06-13 11:07:04', 'hefan', '2016-06-13 11:07:04', 'hefan', '钢芯球');
INSERT INTO `rpobject_rel` VALUES ('20000160613GODS000010', '20000', 'BOM', '2', '20000160613GODS000008', null, '1.0000', '1.000000', '0.000000', null, null, '1', '2016-06-13 11:07:04', 'hefan', '2016-06-13 11:07:04', 'hefan', '笔杆');
INSERT INTO `rpobject_rel` VALUES ('20000160613GODS000013', '20000', 'BOM', 'gxq', '20000160613GODS000012', null, '1.0000', '1.000000', '0.000000', null, null, '1', '2016-06-13 11:07:04', 'hefan', '2016-06-13 11:07:04', 'hefan', '钢芯球');
INSERT INTO `rpobject_rel` VALUES ('20000160613GODS000014', '20000', 'BOM', '2', '20000160613GODS000012', null, '1.0000', '1.000000', '0.000000', null, null, '1', '2016-06-13 11:07:04', 'hefan', '2016-06-13 11:07:04', 'hefan', '笔杆');
INSERT INTO `rpobject_rel` VALUES ('20000160613GODS000016', '20000', 'BOM', 'gxq', '20000160613GODS000015', null, '1.0000', '1.000000', '0.000000', null, null, '1', '2016-06-13 12:06:53', 'hefan', '2016-06-13 12:06:53', 'hefan', '钢芯球');
INSERT INTO `rpobject_rel` VALUES ('20000160613GODS000017', '20000', 'BOM', '2', '20000160613GODS000015', null, '1.0000', '1.000000', '0.000000', null, null, '1', '2016-06-13 12:06:53', 'hefan', '2016-06-13 12:06:53', 'hefan', '笔杆');
INSERT INTO `rpobject_rel` VALUES ('20000160613GODS000020', '20000', 'BOM', 'gxq', '20000160613GODS000019', null, '1.0000', '1.000000', '0.000000', null, null, '1', '2016-06-13 12:06:53', 'hefan', '2016-06-13 12:06:53', 'hefan', '钢芯球');
INSERT INTO `rpobject_rel` VALUES ('20000160613GODS000021', '20000', 'BOM', '2', '20000160613GODS000019', null, '1.0000', '1.000000', '0.000000', null, null, '1', '2016-06-13 12:06:53', 'hefan', '2016-06-13 12:06:53', 'hefan', '笔杆');
INSERT INTO `rpobject_rel` VALUES ('20000160613GODS000023', '20000', 'BOM', 'gxq', '20000160613GODS000022', null, '1.0000', '1.000000', '0.000000', null, null, '1', '2016-06-13 13:01:56', 'hefan', '2016-06-13 13:01:56', 'hefan', '钢芯球');
INSERT INTO `rpobject_rel` VALUES ('20000160613GODS000024', '20000', 'BOM', '2', '20000160613GODS000022', null, '1.0000', '1.000000', '0.000000', null, null, '1', '2016-06-13 13:01:56', 'hefan', '2016-06-13 13:01:56', 'hefan', '笔杆');
INSERT INTO `rpobject_rel` VALUES ('20000160613GODS000027', '20000', 'BOM', 'gxq', '20000160613GODS000026', null, '1.0000', '1.000000', '0.000000', null, null, '1', '2016-06-13 13:01:57', 'hefan', '2016-06-13 13:01:57', 'hefan', '钢芯球');
INSERT INTO `rpobject_rel` VALUES ('20000160613GODS000028', '20000', 'BOM', '2', '20000160613GODS000026', null, '1.0000', '1.000000', '0.000000', null, null, '1', '2016-06-13 13:01:57', 'hefan', '2016-06-13 13:01:57', 'hefan', '笔杆');
INSERT INTO `rpobject_rel` VALUES ('20000160613GODS000030', '20000', 'BOM', 'gxq', '20000160613GODS000029', null, '1.0000', '1.000000', '0.000000', null, null, '1', '2016-06-13 14:06:37', 'hefan', '2016-06-13 14:06:37', 'hefan', '钢芯球');
INSERT INTO `rpobject_rel` VALUES ('20000160613GODS000031', '20000', 'BOM', '2', '20000160613GODS000029', null, '1.0000', '1.000000', '0.000000', null, null, '1', '2016-06-13 14:06:37', 'hefan', '2016-06-13 14:06:37', 'hefan', '笔杆');
INSERT INTO `rpobject_rel` VALUES ('20000160613GODS000034', '20000', 'BOM', 'gxq', '20000160613GODS000033', null, '1.0000', '1.000000', '0.000000', null, null, '1', '2016-06-13 14:06:38', 'hefan', '2016-06-13 14:06:38', 'hefan', '钢芯球');
INSERT INTO `rpobject_rel` VALUES ('20000160613GODS000035', '20000', 'BOM', '2', '20000160613GODS000033', null, '1.0000', '1.000000', '0.000000', null, null, '1', '2016-06-13 14:06:38', 'hefan', '2016-06-13 14:06:38', 'hefan', '笔杆');
INSERT INTO `rpobject_rel` VALUES ('20000160613GODS000037', '20000', 'BOM', 'gxq', '20000160613GODS000036', null, '1.0000', '1.000000', '0.000000', null, null, '1', '2016-06-13 14:14:18', 'hefan', '2016-06-13 14:14:18', 'hefan', '钢芯球');
INSERT INTO `rpobject_rel` VALUES ('20000160613GODS000038', '20000', 'BOM', '2', '20000160613GODS000036', null, '1.0000', '1.000000', '0.000000', null, null, '1', '2016-06-13 14:14:18', 'hefan', '2016-06-13 14:14:18', 'hefan', '笔杆');
INSERT INTO `rpobject_rel` VALUES ('20000160613GODS000041', '20000', 'BOM', 'gxq', '20000160613GODS000040', null, '1.0000', '1.000000', '0.000000', null, null, '1', '2016-06-13 14:14:19', 'hefan', '2016-06-13 14:14:19', 'hefan', '钢芯球');
INSERT INTO `rpobject_rel` VALUES ('20000160613GODS000042', '20000', 'BOM', '2', '20000160613GODS000040', null, '1.0000', '1.000000', '0.000000', null, null, '1', '2016-06-13 14:14:19', 'hefan', '2016-06-13 14:14:19', 'hefan', '笔杆');
INSERT INTO `rpobject_rel` VALUES ('20000160613GODS000044', '20000', 'BOM', 'gxq', '20000160613GODS000043', null, '1.0000', '1.000000', '0.000000', null, null, '1', '2016-06-13 14:38:07', 'hefan', '2016-06-13 14:38:07', 'hefan', '钢芯球');
INSERT INTO `rpobject_rel` VALUES ('20000160613GODS000045', '20000', 'BOM', '2', '20000160613GODS000043', null, '1.0000', '1.000000', '0.000000', null, null, '1', '2016-06-13 14:38:07', 'hefan', '2016-06-13 14:38:07', 'hefan', '笔杆');
INSERT INTO `rpobject_rel` VALUES ('20000160613GODS000048', '20000', 'BOM', 'gxq', '20000160613GODS000047', null, '1.0000', '1.000000', '0.000000', null, null, '1', '2016-06-13 14:38:08', 'hefan', '2016-06-13 14:38:08', 'hefan', '钢芯球');
INSERT INTO `rpobject_rel` VALUES ('20000160613GODS000049', '20000', 'BOM', '2', '20000160613GODS000047', null, '1.0000', '1.000000', '0.000000', null, null, '1', '2016-06-13 14:38:08', 'hefan', '2016-06-13 14:38:08', 'hefan', '笔杆');
INSERT INTO `rpobject_rel` VALUES ('20000160613GODS000051', '20000', 'BOM', 'gxq', '20000160613GODS000050', null, '1.0000', '1.000000', '0.000000', null, null, '1', '2016-06-13 14:45:02', 'hefan', '2016-06-13 14:45:02', 'hefan', '钢芯球');
INSERT INTO `rpobject_rel` VALUES ('20000160613GODS000052', '20000', 'BOM', '2', '20000160613GODS000050', null, '1.0000', '1.000000', '0.000000', null, null, '1', '2016-06-13 14:45:02', 'hefan', '2016-06-13 14:45:02', 'hefan', '笔杆');
INSERT INTO `rpobject_rel` VALUES ('20000160613GODS000055', '20000', 'BOM', 'gxq', '20000160613GODS000054', null, '1.0000', '1.000000', '0.000000', null, null, '1', '2016-06-13 14:45:02', 'hefan', '2016-06-13 14:45:02', 'hefan', '钢芯球');
INSERT INTO `rpobject_rel` VALUES ('20000160613GODS000056', '20000', 'BOM', '2', '20000160613GODS000054', null, '1.0000', '1.000000', '0.000000', null, null, '1', '2016-06-13 14:45:02', 'hefan', '2016-06-13 14:45:02', 'hefan', '笔杆');
INSERT INTO `rpobject_rel` VALUES ('20000160613GODS000058', '20000', 'BOM', 'gxq', '20000160613GODS000057', null, '1.0000', '1.000000', '0.000000', null, null, '1', '2016-06-13 15:06:38', 'hefan', '2016-06-13 15:06:38', 'hefan', '钢芯球');
INSERT INTO `rpobject_rel` VALUES ('20000160613GODS000059', '20000', 'BOM', '2', '20000160613GODS000057', null, '1.0000', '1.000000', '0.000000', null, null, '1', '2016-06-13 15:06:38', 'hefan', '2016-06-13 15:06:38', 'hefan', '笔杆');
INSERT INTO `rpobject_rel` VALUES ('20000160613GODS000062', '20000', 'BOM', 'gxq', '20000160613GODS000061', null, '1.0000', '1.000000', '0.000000', null, null, '1', '2016-06-13 15:06:39', 'hefan', '2016-06-13 15:06:39', 'hefan', '钢芯球');
INSERT INTO `rpobject_rel` VALUES ('20000160613GODS000063', '20000', 'BOM', '2', '20000160613GODS000061', null, '1.0000', '1.000000', '0.000000', null, null, '1', '2016-06-13 15:06:39', 'hefan', '2016-06-13 15:06:39', 'hefan', '笔杆');
INSERT INTO `rpobject_rel` VALUES ('20000160613GODS000065', '20000', 'BOM', 'gxq', '20000160613GODS000064', null, '1.0000', '1.000000', '0.000000', null, null, '1', '2016-06-13 15:36:59', 'hefan', '2016-06-13 15:36:59', 'hefan', '钢芯球');
INSERT INTO `rpobject_rel` VALUES ('20000160613GODS000066', '20000', 'BOM', '2', '20000160613GODS000064', null, '1.0000', '1.000000', '0.000000', null, null, '1', '2016-06-13 15:36:59', 'hefan', '2016-06-13 15:36:59', 'hefan', '笔杆');
INSERT INTO `rpobject_rel` VALUES ('20000160613GODS000069', '20000', 'BOM', 'gxq', '20000160613GODS000068', null, '1.0000', '1.000000', '0.000000', null, null, '1', '2016-06-13 15:37:00', 'hefan', '2016-06-13 15:37:00', 'hefan', '钢芯球');
INSERT INTO `rpobject_rel` VALUES ('20000160613GODS000070', '20000', 'BOM', '2', '20000160613GODS000068', null, '1.0000', '1.000000', '0.000000', null, null, '1', '2016-06-13 15:37:00', 'hefan', '2016-06-13 15:37:00', 'hefan', '笔杆');
INSERT INTO `rpobject_rel` VALUES ('20000160613GODS000072', '20000', 'BOM', 'gxq', '20000160613GODS000071', null, '1.0000', '1.000000', '0.000000', null, null, '1', '2016-06-13 16:36:45', 'hefan', '2016-06-13 16:36:45', 'hefan', '钢芯球');
INSERT INTO `rpobject_rel` VALUES ('20000160613GODS000073', '20000', 'BOM', '2', '20000160613GODS000071', null, '1.0000', '1.000000', '0.000000', null, null, '1', '2016-06-13 16:36:45', 'hefan', '2016-06-13 16:36:45', 'hefan', '笔杆');
INSERT INTO `rpobject_rel` VALUES ('20000160613GODS000076', '20000', 'BOM', 'gxq', '20000160613GODS000075', null, '1.0000', '1.000000', '0.000000', null, null, '1', '2016-06-13 16:36:46', 'hefan', '2016-06-13 16:36:46', 'hefan', '钢芯球');
INSERT INTO `rpobject_rel` VALUES ('20000160613GODS000077', '20000', 'BOM', '2', '20000160613GODS000075', null, '1.0000', '1.000000', '0.000000', null, null, '1', '2016-06-13 16:36:46', 'hefan', '2016-06-13 16:36:46', 'hefan', '笔杆');
INSERT INTO `rpobject_rel` VALUES ('20000160613GODS000079', '20000', 'BOM', 'gxq', '20000160613GODS000078', null, '1.0000', '1.000000', '0.000000', null, null, '1', '2016-06-13 17:06:34', 'hefan', '2016-06-13 17:06:34', 'hefan', '钢芯球');
INSERT INTO `rpobject_rel` VALUES ('20000160613GODS000080', '20000', 'BOM', '2', '20000160613GODS000078', null, '1.0000', '1.000000', '0.000000', null, null, '1', '2016-06-13 17:06:34', 'hefan', '2016-06-13 17:06:34', 'hefan', '笔杆');
INSERT INTO `rpobject_rel` VALUES ('20000160613GODS000083', '20000', 'BOM', 'gxq', '20000160613GODS000082', null, '1.0000', '1.000000', '0.000000', null, null, '1', '2016-06-13 17:06:34', 'hefan', '2016-06-13 17:06:34', 'hefan', '钢芯球');
INSERT INTO `rpobject_rel` VALUES ('20000160613GODS000084', '20000', 'BOM', '2', '20000160613GODS000082', null, '1.0000', '1.000000', '0.000000', null, null, '1', '2016-06-13 17:06:34', 'hefan', '2016-06-13 17:06:34', 'hefan', '笔杆');
INSERT INTO `rpobject_rel` VALUES ('20000160613GODS000086', '20000', 'BOM', 'gxq', '20000160613GODS000085', null, '1.0000', '1.000000', '0.000000', null, null, '1', '2016-06-13 17:36:37', 'hefan', '2016-06-13 17:36:37', 'hefan', '钢芯球');
INSERT INTO `rpobject_rel` VALUES ('20000160613GODS000087', '20000', 'BOM', '2', '20000160613GODS000085', null, '1.0000', '1.000000', '0.000000', null, null, '1', '2016-06-13 17:36:37', 'hefan', '2016-06-13 17:36:37', 'hefan', '笔杆');
INSERT INTO `rpobject_rel` VALUES ('20000160613GODS000090', '20000', 'BOM', 'gxq', '20000160613GODS000089', null, '1.0000', '1.000000', '0.000000', null, null, '1', '2016-06-13 17:36:37', 'hefan', '2016-06-13 17:36:37', 'hefan', '钢芯球');
INSERT INTO `rpobject_rel` VALUES ('20000160613GODS000091', '20000', 'BOM', '2', '20000160613GODS000089', null, '1.0000', '1.000000', '0.000000', null, null, '1', '2016-06-13 17:36:37', 'hefan', '2016-06-13 17:36:37', 'hefan', '笔杆');
INSERT INTO `rpobject_rel` VALUES ('20000160613GODS000093', '20000', 'BOM', 'gxq', '20000160613GODS000092', null, '1.0000', '1.000000', '0.000000', null, null, '1', '2016-06-13 18:06:37', 'hefan', '2016-06-13 18:06:37', 'hefan', '钢芯球');
INSERT INTO `rpobject_rel` VALUES ('20000160613GODS000094', '20000', 'BOM', '2', '20000160613GODS000092', null, '1.0000', '1.000000', '0.000000', null, null, '1', '2016-06-13 18:06:37', 'hefan', '2016-06-13 18:06:37', 'hefan', '笔杆');
INSERT INTO `rpobject_rel` VALUES ('20000160613GODS000097', '20000', 'BOM', 'gxq', '20000160613GODS000096', null, '1.0000', '1.000000', '0.000000', null, null, '1', '2016-06-13 18:06:37', 'hefan', '2016-06-13 18:06:37', 'hefan', '钢芯球');
INSERT INTO `rpobject_rel` VALUES ('20000160613GODS000098', '20000', 'BOM', '2', '20000160613GODS000096', null, '1.0000', '1.000000', '0.000000', null, null, '1', '2016-06-13 18:06:37', 'hefan', '2016-06-13 18:06:37', 'hefan', '笔杆');
INSERT INTO `rpobject_rel` VALUES ('20000160613GODS000100', '20000', 'BOM', 'gxq', '20000160613GODS000099', null, '1.0000', '1.000000', '0.000000', null, null, '1', '2016-06-13 18:36:37', 'hefan', '2016-06-13 18:36:37', 'hefan', '钢芯球');
INSERT INTO `rpobject_rel` VALUES ('20000160613GODS000101', '20000', 'BOM', '2', '20000160613GODS000099', null, '1.0000', '1.000000', '0.000000', null, null, '1', '2016-06-13 18:36:37', 'hefan', '2016-06-13 18:36:37', 'hefan', '笔杆');
INSERT INTO `rpobject_rel` VALUES ('20000160613GODS000104', '20000', 'BOM', 'gxq', '20000160613GODS000103', null, '1.0000', '1.000000', '0.000000', null, null, '1', '2016-06-13 18:36:37', 'hefan', '2016-06-13 18:36:37', 'hefan', '钢芯球');
INSERT INTO `rpobject_rel` VALUES ('20000160613GODS000105', '20000', 'BOM', '2', '20000160613GODS000103', null, '1.0000', '1.000000', '0.000000', null, null, '1', '2016-06-13 18:36:37', 'hefan', '2016-06-13 18:36:37', 'hefan', '笔杆');
INSERT INTO `rpobject_rel` VALUES ('20000160613GODS000107', '20000', 'BOM', 'gxq', '20000160613GODS000106', null, '1.0000', '1.000000', '0.000000', null, null, '1', '2016-06-13 19:06:42', 'hefan', '2016-06-13 19:06:42', 'hefan', '钢芯球');
INSERT INTO `rpobject_rel` VALUES ('20000160613GODS000108', '20000', 'BOM', '2', '20000160613GODS000106', null, '1.0000', '1.000000', '0.000000', null, null, '1', '2016-06-13 19:06:42', 'hefan', '2016-06-13 19:06:42', 'hefan', '笔杆');
INSERT INTO `rpobject_rel` VALUES ('20000160613GODS000111', '20000', 'BOM', 'gxq', '20000160613GODS000110', null, '1.0000', '1.000000', '0.000000', null, null, '1', '2016-06-13 19:06:42', 'hefan', '2016-06-13 19:06:42', 'hefan', '钢芯球');
INSERT INTO `rpobject_rel` VALUES ('20000160613GODS000112', '20000', 'BOM', '2', '20000160613GODS000110', null, '1.0000', '1.000000', '0.000000', null, null, '1', '2016-06-13 19:06:42', 'hefan', '2016-06-13 19:06:42', 'hefan', '笔杆');
INSERT INTO `rpobject_rel` VALUES ('20000160614GODS000002', '20000', 'BOM', 'gxq', '20000160614GODS000001', null, '1.0000', '1.000000', '0.000000', null, null, '1', '2016-06-14 11:37:24', 'hefan', '2016-06-14 11:37:24', 'hefan', '钢芯球');
INSERT INTO `rpobject_rel` VALUES ('20000160614GODS000003', '20000', 'BOM', '2', '20000160614GODS000001', null, '1.0000', '1.000000', '0.000000', null, null, '1', '2016-06-14 11:37:24', 'hefan', '2016-06-14 11:37:24', 'hefan', '笔杆');
INSERT INTO `rpobject_rel` VALUES ('20000160614GODS000006', '20000', 'BOM', 'gxq', '20000160614GODS000005', null, '1.0000', '1.000000', '0.000000', null, null, '1', '2016-06-14 11:37:25', 'hefan', '2016-06-14 11:37:25', 'hefan', '钢芯球');
INSERT INTO `rpobject_rel` VALUES ('20000160614GODS000007', '20000', 'BOM', '2', '20000160614GODS000005', null, '1.0000', '1.000000', '0.000000', null, null, '1', '2016-06-14 11:37:25', 'hefan', '2016-06-14 11:37:25', 'hefan', '笔杆');
INSERT INTO `rpobject_rel` VALUES ('20000160614GODS000009', '20000', 'BOM', 'gxq', '20000160614GODS000008', null, '1.0000', '1.000000', '0.000000', null, null, '1', '2016-06-14 12:06:36', 'hefan', '2016-06-14 12:06:36', 'hefan', '钢芯球');
INSERT INTO `rpobject_rel` VALUES ('20000160614GODS000010', '20000', 'BOM', '2', '20000160614GODS000008', null, '1.0000', '1.000000', '0.000000', null, null, '1', '2016-06-14 12:06:36', 'hefan', '2016-06-14 12:06:36', 'hefan', '笔杆');
INSERT INTO `rpobject_rel` VALUES ('20000160614GODS000013', '20000', 'BOM', 'gxq', '20000160614GODS000012', null, '1.0000', '1.000000', '0.000000', null, null, '1', '2016-06-14 12:06:37', 'hefan', '2016-06-14 12:06:37', 'hefan', '钢芯球');
INSERT INTO `rpobject_rel` VALUES ('20000160614GODS000014', '20000', 'BOM', '2', '20000160614GODS000012', null, '1.0000', '1.000000', '0.000000', null, null, '1', '2016-06-14 12:06:37', 'hefan', '2016-06-14 12:06:37', 'hefan', '笔杆');
INSERT INTO `rpobject_rel` VALUES ('20000160614GODS000017', '20000', 'BOM', 'gxq', '20000160614GODS000016', null, '1.0000', '1.000000', '0.000000', null, null, '1', '2016-06-14 17:19:11', 'hefan', '2016-06-14 17:19:11', 'hefan', '钢芯球');
INSERT INTO `rpobject_rel` VALUES ('20000160614GODS000018', '20000', 'BOM', '2', '20000160614GODS000016', null, '1.0000', '1.000000', '0.000000', null, null, '1', '2016-06-14 17:19:11', 'hefan', '2016-06-14 17:19:11', 'hefan', '笔杆');
INSERT INTO `rpobject_rel` VALUES ('20000160614GODS000021', '20000', 'BOM', 'gxq', '20000160614GODS000020', null, '1.0000', '1.000000', '0.000000', null, null, '1', '2016-06-14 17:19:12', 'hefan', '2016-06-14 17:19:12', 'hefan', '钢芯球');
INSERT INTO `rpobject_rel` VALUES ('20000160614GODS000022', '20000', 'BOM', '2', '20000160614GODS000020', null, '1.0000', '1.000000', '0.000000', null, null, '1', '2016-06-14 17:19:12', 'hefan', '2016-06-14 17:19:12', 'hefan', '笔杆');
INSERT INTO `rpobject_rel` VALUES ('20000160614GODS000024', '20000', 'BOM', 'gxq', '20000160614GODS000023', null, '1.0000', '1.000000', '0.000000', null, null, '1', '2016-06-14 18:06:38', 'hefan', '2016-06-14 18:06:38', 'hefan', '钢芯球');
INSERT INTO `rpobject_rel` VALUES ('20000160614GODS000025', '20000', 'BOM', '2', '20000160614GODS000023', null, '1.0000', '1.000000', '0.000000', null, null, '1', '2016-06-14 18:06:38', 'hefan', '2016-06-14 18:06:38', 'hefan', '笔杆');
INSERT INTO `rpobject_rel` VALUES ('20000160614GODS000028', '20000', 'BOM', 'gxq', '20000160614GODS000027', null, '1.0000', '1.000000', '0.000000', null, null, '1', '2016-06-14 18:06:39', 'hefan', '2016-06-14 18:06:39', 'hefan', '钢芯球');
INSERT INTO `rpobject_rel` VALUES ('20000160614GODS000029', '20000', 'BOM', '2', '20000160614GODS000027', null, '1.0000', '1.000000', '0.000000', null, null, '1', '2016-06-14 18:06:39', 'hefan', '2016-06-14 18:06:39', 'hefan', '笔杆');
INSERT INTO `rpobject_rel` VALUES ('20000160614GODS000031', '20000', 'BOM', 'gxq', '20000160614GODS000030', null, '1.0000', '1.000000', '0.000000', null, null, '1', '2016-06-14 19:06:38', 'hefan', '2016-06-14 19:06:38', 'hefan', '钢芯球');
INSERT INTO `rpobject_rel` VALUES ('20000160614GODS000032', '20000', 'BOM', '2', '20000160614GODS000030', null, '1.0000', '1.000000', '0.000000', null, null, '1', '2016-06-14 19:06:38', 'hefan', '2016-06-14 19:06:38', 'hefan', '笔杆');
INSERT INTO `rpobject_rel` VALUES ('20000160614GODS000035', '20000', 'BOM', 'gxq', '20000160614GODS000034', null, '1.0000', '1.000000', '0.000000', null, null, '1', '2016-06-14 19:06:39', 'hefan', '2016-06-14 19:06:39', 'hefan', '钢芯球');
INSERT INTO `rpobject_rel` VALUES ('20000160614GODS000036', '20000', 'BOM', '2', '20000160614GODS000034', null, '1.0000', '1.000000', '0.000000', null, null, '1', '2016-06-14 19:06:39', 'hefan', '2016-06-14 19:06:39', 'hefan', '笔杆');
INSERT INTO `rpobject_rel` VALUES ('20000160614GODS000038', '20000', 'BOM', 'gxq', '20000160614GODS000037', null, '1.0000', '1.000000', '0.000000', null, null, '1', '2016-06-14 20:06:38', 'hefan', '2016-06-14 20:06:38', 'hefan', '钢芯球');
INSERT INTO `rpobject_rel` VALUES ('20000160614GODS000039', '20000', 'BOM', '2', '20000160614GODS000037', null, '1.0000', '1.000000', '0.000000', null, null, '1', '2016-06-14 20:06:38', 'hefan', '2016-06-14 20:06:38', 'hefan', '笔杆');
INSERT INTO `rpobject_rel` VALUES ('20000160614GODS000042', '20000', 'BOM', 'gxq', '20000160614GODS000041', null, '1.0000', '1.000000', '0.000000', null, null, '1', '2016-06-14 20:06:39', 'hefan', '2016-06-14 20:06:39', 'hefan', '钢芯球');
INSERT INTO `rpobject_rel` VALUES ('20000160614GODS000043', '20000', 'BOM', '2', '20000160614GODS000041', null, '1.0000', '1.000000', '0.000000', null, null, '1', '2016-06-14 20:06:39', 'hefan', '2016-06-14 20:06:39', 'hefan', '笔杆');
INSERT INTO `rpobject_rel` VALUES ('20000160614GODS000045', '20000', 'BOM', 'gxq', '20000160614GODS000044', null, '1.0000', '1.000000', '0.000000', null, null, '1', '2016-06-15 10:00:52', 'hefan', '2016-06-15 10:00:52', 'hefan', '钢芯球');
INSERT INTO `rpobject_rel` VALUES ('20000160614GODS000046', '20000', 'BOM', '2', '20000160614GODS000044', null, '1.0000', '1.000000', '0.000000', null, null, '1', '2016-06-15 10:00:52', 'hefan', '2016-06-15 10:00:52', 'hefan', '笔杆');
INSERT INTO `rpobject_rel` VALUES ('20000160614GODS000049', '20000', 'BOM', 'gxq', '20000160614GODS000048', null, '1.0000', '1.000000', '0.000000', null, null, '1', '2016-06-15 10:00:54', 'hefan', '2016-06-15 10:00:54', 'hefan', '钢芯球');
INSERT INTO `rpobject_rel` VALUES ('20000160614GODS000050', '20000', 'BOM', '2', '20000160614GODS000048', null, '1.0000', '1.000000', '0.000000', null, null, '1', '2016-06-15 10:00:54', 'hefan', '2016-06-15 10:00:54', 'hefan', '笔杆');
INSERT INTO `rpobject_rel` VALUES ('20000160614GODS000052', '20000', 'BOM', 'gxq', '20000160614GODS000051', null, '1.0000', '1.000000', '0.000000', null, null, '1', '2016-06-15 10:06:36', 'hefan', '2016-06-15 10:06:36', 'hefan', '钢芯球');
INSERT INTO `rpobject_rel` VALUES ('20000160614GODS000053', '20000', 'BOM', '2', '20000160614GODS000051', null, '1.0000', '1.000000', '0.000000', null, null, '1', '2016-06-15 10:06:36', 'hefan', '2016-06-15 10:06:36', 'hefan', '笔杆');
INSERT INTO `rpobject_rel` VALUES ('20000160614GODS000056', '20000', 'BOM', 'gxq', '20000160614GODS000055', null, '1.0000', '1.000000', '0.000000', null, null, '1', '2016-06-15 10:06:37', 'hefan', '2016-06-15 10:06:37', 'hefan', '钢芯球');
INSERT INTO `rpobject_rel` VALUES ('20000160614GODS000057', '20000', 'BOM', '2', '20000160614GODS000055', null, '1.0000', '1.000000', '0.000000', null, null, '1', '2016-06-15 10:06:37', 'hefan', '2016-06-15 10:06:37', 'hefan', '笔杆');
INSERT INTO `rpobject_rel` VALUES ('20000160614GODS000059', '20000', 'BOM', 'gxq', '20000160614GODS000058', null, '1.0000', '1.000000', '0.000000', null, null, '1', '2016-06-15 10:40:34', 'hefan', '2016-06-15 10:40:34', 'hefan', '钢芯球');
INSERT INTO `rpobject_rel` VALUES ('20000160614GODS000060', '20000', 'BOM', '2', '20000160614GODS000058', null, '1.0000', '1.000000', '0.000000', null, null, '1', '2016-06-15 10:40:34', 'hefan', '2016-06-15 10:40:34', 'hefan', '笔杆');
INSERT INTO `rpobject_rel` VALUES ('20000160614GODS000063', '20000', 'BOM', 'gxq', '20000160614GODS000062', null, '1.0000', '1.000000', '0.000000', null, null, '1', '2016-06-15 10:40:37', 'hefan', '2016-06-15 10:40:37', 'hefan', '钢芯球');
INSERT INTO `rpobject_rel` VALUES ('20000160614GODS000064', '20000', 'BOM', '2', '20000160614GODS000062', null, '1.0000', '1.000000', '0.000000', null, null, '1', '2016-06-15 10:40:37', 'hefan', '2016-06-15 10:40:37', 'hefan', '笔杆');
INSERT INTO `rpobject_rel` VALUES ('20000160614GODS000082', '20000', 'BOM', 'gxq', '20000160614GODS000081', null, '1.0000', '1.000000', '0.000000', null, null, '1', '2016-06-16 11:07:15', 'hefan', '2016-06-16 11:07:15', 'hefan', '钢芯球');
INSERT INTO `rpobject_rel` VALUES ('20000160614GODS000083', '20000', 'BOM', '2', '20000160614GODS000081', null, '1.0000', '1.000000', '0.000000', null, null, '1', '2016-06-16 11:07:15', 'hefan', '2016-06-16 11:07:15', 'hefan', '笔杆');
INSERT INTO `rpobject_rel` VALUES ('20000160614GODS000086', '20000', 'BOM', 'gxq', '20000160614GODS000085', null, '1.0000', '1.000000', '0.000000', null, null, '1', '2016-06-16 11:07:16', 'hefan', '2016-06-16 11:07:16', 'hefan', '钢芯球');
INSERT INTO `rpobject_rel` VALUES ('20000160614GODS000087', '20000', 'BOM', '2', '20000160614GODS000085', null, '1.0000', '1.000000', '0.000000', null, null, '1', '2016-06-16 11:07:16', 'hefan', '2016-06-16 11:07:16', 'hefan', '笔杆');
INSERT INTO `rpobject_rel` VALUES ('20000160614GODS000089', '20000', 'BOM', 'gxq', '20000160614GODS000088', null, '1.0000', '1.000000', '0.000000', null, null, '1', '2016-06-16 11:36:41', 'hefan', '2016-06-16 11:36:41', 'hefan', '钢芯球');
INSERT INTO `rpobject_rel` VALUES ('20000160614GODS000090', '20000', 'BOM', '2', '20000160614GODS000088', null, '1.0000', '1.000000', '0.000000', null, null, '1', '2016-06-16 11:36:41', 'hefan', '2016-06-16 11:36:41', 'hefan', '笔杆');
INSERT INTO `rpobject_rel` VALUES ('20000160614GODS000093', '20000', 'BOM', 'gxq', '20000160614GODS000092', null, '1.0000', '1.000000', '0.000000', null, null, '1', '2016-06-16 11:36:42', 'hefan', '2016-06-16 11:36:42', 'hefan', '钢芯球');
INSERT INTO `rpobject_rel` VALUES ('20000160614GODS000094', '20000', 'BOM', '2', '20000160614GODS000092', null, '1.0000', '1.000000', '0.000000', null, null, '1', '2016-06-16 11:36:42', 'hefan', '2016-06-16 11:36:42', 'hefan', '笔杆');
INSERT INTO `rpobject_rel` VALUES ('A0101', 'rfd-001', 'BOM', 'A0101', 'A01', '', '1.0000', '1.000000', '0.000000', null, '', '1', '2016-05-26 15:35:48', 'hefan', '2016-05-26 15:35:48', 'hefan', '笔杆');
INSERT INTO `rpobject_rel` VALUES ('A010101', 'rfd-001', 'BOM', 'A010101', 'A0101', '', '2.0000', '1.000000', '0.000000', null, '', '1', '2016-05-26 15:35:48', 'hefan', '2016-05-26 15:35:48', 'hefan', '笔杆');
INSERT INTO `rpobject_rel` VALUES ('A010102', 'rfd-001', 'BOM', 'A010102', 'A0101', '', '3.0000', '1.000000', '0.000000', null, '', '1', '2016-05-26 15:35:48', 'hefan', '2016-05-26 15:35:48', 'hefan', '笔杆');
INSERT INTO `rpobject_rel` VALUES ('A0102', 'rfd-001', 'BOM', 'A0102', 'A01', '', '2.0000', '1.000000', '0.000000', null, '', '1', '2016-05-26 15:35:48', 'hefan', '2016-05-26 15:35:48', 'hefan', '笔杆');
INSERT INTO `rpobject_rel` VALUES ('A010201', 'rfd-001', 'BOM', 'A010201', 'A0102', '', '4.0000', '1.000000', '0.000000', null, '', '1', '2016-05-26 15:35:48', 'hefan', '2016-05-26 15:35:48', 'hefan', '笔杆');
INSERT INTO `rpobject_rel` VALUES ('A010202', 'rfd-001', 'BOM', 'A010202', 'A0102', '', '5.0000', '1.000000', '0.000000', null, '', '1', '2016-05-26 15:35:48', 'hefan', '2016-05-26 15:35:48', 'hefan', '笔杆');
INSERT INTO `rpobject_rel` VALUES ('A0103', 'rfd-001', 'BOM', 'A0103', 'A01', '', '3.0000', '1.000000', '0.000000', null, '', '1', '2016-05-26 15:35:48', 'hefan', '2016-05-26 15:35:48', 'hefan', '笔杆');
INSERT INTO `rpobject_rel` VALUES ('B0101', 'rfd-001', 'BOM', 'B0101', 'B01', '', '2.0000', '1.000000', '0.000000', null, '', '1', '2016-05-26 15:35:48', 'hefan', '2016-05-26 15:35:48', 'hefan', '?');
INSERT INTO `rpobject_rel` VALUES ('B010101', 'rfd-001', 'BOM', 'B010101', 'B0101', '', '4.0000', '1.000000', '0.000000', null, '', '1', '2016-05-26 15:35:48', 'hefan', '2016-05-26 15:35:48', 'hefan', '?');
INSERT INTO `rpobject_rel` VALUES ('B010102', 'rfd-001', 'BOM', 'B010102', 'B0101', '', '5.0000', '1.000000', '0.000000', null, '', '1', '2016-05-26 15:35:48', 'hefan', '2016-05-26 15:35:48', 'hefan', '?');
INSERT INTO `rpobject_rel` VALUES ('B0102', 'rfd-001', 'BOM', 'B0102', 'B01', '', '3.0000', '1.000000', '0.000000', null, '', '1', '2016-05-26 15:35:48', 'hefan', '2016-05-26 15:35:48', 'hefan', '?');
INSERT INTO `rpobject_rel` VALUES ('B010201', 'rfd-001', 'BOM', 'B010201', 'B0102', '', '7.0000', '1.000000', '0.000000', null, '', '1', '2016-05-26 15:35:48', 'hefan', '2016-05-26 15:35:48', 'hefan', '?');
INSERT INTO `rpobject_rel` VALUES ('B01020101', 'rfd-001', 'BOM', 'B010102', 'B0102', '', '6.0000', '1.000000', '0.000000', null, '', '1', '2016-05-26 15:35:48', 'hefan', '2016-05-26 15:35:48', 'hefan', '?');
INSERT INTO `rpobject_rel` VALUES ('C0101', 'rfd-001', 'BOM', 'C0101', 'C01', '', '1.0000', '1.000000', '0.000000', null, '', '1', '2016-05-26 15:35:48', 'hefan', '2016-05-26 15:35:48', 'hefan', '?');
INSERT INTO `rpobject_rel` VALUES ('C010101', 'rfd-001', 'BOM', 'A0101', 'C0101', '', '3.0000', '1.000000', '0.000000', null, '', '1', '2016-05-26 15:35:48', 'hefan', '2016-05-26 15:35:48', 'hefan', '?');
INSERT INTO `rpobject_rel` VALUES ('C010102', 'rfd-001', 'BOM', 'A01', 'C0101', '', '1.0000', '1.000000', '0.000000', null, '', '1', '2016-05-26 15:35:48', 'hefan', '2016-05-26 15:35:48', 'hefan', '?');
INSERT INTO `rpobject_rel` VALUES ('C0102', 'rfd-001', 'BOM', 'C0102', 'C01', '', '2.0000', '1.000000', '0.000000', null, '', '1', '2016-05-26 15:35:48', 'hefan', '2016-05-26 15:35:48', 'hefan', '?');
INSERT INTO `rpobject_rel` VALUES ('C010201', 'rfd-001', 'BOM', 'C0101', 'C0102', '', '1.0000', '1.000000', '0.000000', null, '', '1', '2016-05-26 15:35:48', 'hefan', '2016-05-26 15:35:48', 'hefan', '?');
INSERT INTO `rpobject_rel` VALUES ('C010202', 'rfd-001', 'BOM', 'B01', 'C0102', '', '1.0000', '1.000000', '0.000000', null, '', '1', '2016-05-26 15:35:48', 'hefan', '2016-05-26 15:35:48', 'hefan', '?');
INSERT INTO `rpobject_rel` VALUES ('C0103', 'rfd-001', 'BOM', 'C0103', 'C01', '', '3.0000', '1.000000', '0.000000', null, '', '1', '2016-05-26 15:35:48', 'hefan', '2016-05-26 15:35:48', 'hefan', '?');
INSERT INTO `rpobject_rel` VALUES ('C010301', 'rfd-001', 'BOM', 'C0101', 'C0103', '', '2.0000', '1.000000', '0.000000', null, '', '1', '2016-05-26 15:35:48', 'hefan', '2016-05-26 15:35:48', 'hefan', '?');
INSERT INTO `rpobject_rel` VALUES ('C010302', 'rfd-001', 'BOM', 'C0102', 'C0103', '', '2.0000', '1.000000', '0.000000', null, '', '1', '2016-05-26 15:35:48', 'hefan', '2016-05-26 15:35:48', 'hefan', '?');
INSERT INTO `rpobject_rel` VALUES ('rfd-001160608GODS000007', 'rfd-001', 'BOM', 'SG010101', 'rfd-001160608GODS000006', null, '1.0000', null, '0.100000', null, null, '1', '2016-06-08 14:49:07', '20111160429PLEN020002', '2016-06-08 14:49:07', '20111160429PLEN020002', 'test');
INSERT INTO `rpobject_rel` VALUES ('rfd-001160614GODS000002', 'rfd-001', 'BOM', 'rfd-001160608GODS000001', 'rfd-001160614GODS000001', null, '1.0000', null, '0.000000', null, null, '1', '2016-06-14 14:30:22', '20111160429PLEN020002', '2016-06-14 14:30:22', '20111160429PLEN020002', null);
INSERT INTO `rpobject_rel` VALUES ('rfd-001160614GODS000003', 'rfd-001', 'BOM', 'rfd-001160608GODS000006', 'rfd-001160614GODS000001', null, '1.0000', null, '0.000000', null, null, '1', '2016-06-14 14:30:22', '20111160429PLEN020002', '2016-06-14 14:30:22', '20111160429PLEN020002', null);
INSERT INTO `rpobject_rel` VALUES ('test-20000160525PLEN020049', '20000', 'BOM', 'test-gan', 'test-Gxq001', null, '1.0000', '1.000000', '0.000000', null, null, '1', '2016-06-16 11:36:42', 'hefan', '2016-06-16 11:36:42', 'hefan', 'inventorytest');
INSERT INTO `rpobject_rel` VALUES ('test-20000160525PLEN020050', '20000', 'BOM', 'test-suliao', 'test-BiGan001', null, '1.0000', '1.000000', '0.000000', null, null, '1', '2016-06-16 11:36:42', 'hefan', '2016-06-16 11:36:42', 'hefan', 'inventorytest');

-- ----------------------------
-- Table structure for stock_bal_detail
-- ----------------------------
DROP TABLE IF EXISTS `stock_bal_detail`;
CREATE TABLE `stock_bal_detail` (
  `ID` varchar(40) NOT NULL,
  `ENTITY_ID` varchar(8) NOT NULL DEFAULT '' COMMENT '主体ID',
  `INVENTORY_CODE` varchar(20) NOT NULL DEFAULT '' COMMENT '存货对象编码',
  `WAREHOUSE_CODE` varchar(50) NOT NULL DEFAULT '' COMMENT '仓库对象编码',
  `QTY` decimal(20,6) DEFAULT '0.000000' COMMENT 'Quantity 数量',
  `QTY_LOCKED` decimal(22,6) DEFAULT '0.000000' COMMENT '可被核销余额中, 被锁定部分。 该值<QTY_TB_CLEAR',
  `AMNT_LOCKED` decimal(22,6) DEFAULT NULL,
  `MATCHED_CALC_ID` varchar(40) DEFAULT '' COMMENT '计算库记录的ID(被核销方的ID, 比如入库记录)',
  `MATCH_TRANS_CODE` varchar(40) DEFAULT '' COMMENT '核销方的交易号',
  `MATCH_TRANS_DET_ID` varchar(40) DEFAULT '' COMMENT '核销方的交易明细ID(from TRANS_DETAIL.ID)',
  `CALC_REL` varchar(40) DEFAULT '' COMMENT '计算关系',
  `STATUS` tinyint(4) NOT NULL DEFAULT '1' COMMENT '-1 : to be archived\n            0:  表示无效. \n            1:表示有效 \n            ',
  `CRT_TIME` datetime DEFAULT NULL,
  `CREATOR` varchar(40) DEFAULT '',
  `MOD_TIME` datetime DEFAULT NULL,
  `MODIFIER` varchar(40) DEFAULT '',
  `COMMENT` varchar(255) DEFAULT '',
  PRIMARY KEY (`ID`)
) ENGINE=InnoDB DEFAULT CHARSET=utf8;

-- ----------------------------
-- Records of stock_bal_detail
-- ----------------------------

-- ----------------------------
-- Table structure for trans_detail
-- ----------------------------
DROP TABLE IF EXISTS `trans_detail`;
CREATE TABLE `trans_detail` (
  `ID` varchar(28) NOT NULL DEFAULT '',
  `ENTITY_ID` varchar(8) NOT NULL DEFAULT '' COMMENT '主体ID',
  `TRANS_CODE` varchar(40) NOT NULL DEFAULT '' COMMENT '和交易组表的trans_id对应',
  `TRANS_OBJ_ID` varchar(28) NOT NULL DEFAULT '0' COMMENT '存货，资金; 对应 trans_det_calc.trans_attr1 ',
  `FG_CODE` varchar(28) NOT NULL DEFAULT '' COMMENT '表示组合字段组编码，方便查找其对应的计算关系\r\n            ',
  `CONTAINER_ID` varchar(28) NOT NULL DEFAULT '0' COMMENT '容器 ID (目前只有仓库)',
  `BATCH_NO` varchar(28) NOT NULL DEFAULT '' COMMENT '批号',
  `BATCH_TIME` datetime NOT NULL,
  `DEALER_ID` varchar(28) NOT NULL DEFAULT '0' COMMENT '供应商or 客户',
  `CONTACT_ID` varchar(28) NOT NULL DEFAULT '0',
  `TRANS_BOM_FLAG` tinyint(1) NOT NULL DEFAULT '0' COMMENT 'TRANsactoin BOM status \r\n    交易是否有临时的BOM(  假如用户临时修改BOM的话，就会有)； 如果有，就可以根据TRANS_DET_ID去找TRANS_BOM',
  `TRANS_MATCHED_CODE` varchar(28) NOT NULL DEFAULT '' COMMENT '被核销交易号 (对应核销交易号的被核销交易号)',
  `MEASURE_UNIT` varchar(8) NOT NULL DEFAULT '' COMMENT '单位',
  `PRICE` decimal(20,6) NOT NULL DEFAULT '0.000000' COMMENT '含税单价(如果不含税，对应税率就是0)',
  `QTY` decimal(20,6) NOT NULL DEFAULT '0.000000' COMMENT 'Quantity 数量',
  `AMOUNT` decimal(15,2) NOT NULL DEFAULT '0.00' COMMENT '金额里面可以包含税-有税的时候, 也可以不包括税-没税的时候',
  `AMOUNT_COST` decimal(15,2) NOT NULL DEFAULT '0.00' COMMENT '(成本金额 ), 为了预先计算成本',
  `TAX_RATE` decimal(20,6) NOT NULL DEFAULT '0.000000' COMMENT '税率',
  `TAX_AMOUNT` decimal(15,2) NOT NULL DEFAULT '0.00' COMMENT '税金',
  `PROM_DELI_TIME` datetime NOT NULL COMMENT '承诺交付时间',
  `TRANS_D_EXT` text,
  `REMARK` varchar(200) DEFAULT '',
  `CALC_STATUS` tinyint(1) NOT NULL DEFAULT '0' COMMENT '是否已经计算:  缺省为False ',
  `DETAIL_IN_OUT` tinyint(4) NOT NULL DEFAULT '0' COMMENT '0:无出入类型; 1:表示入 in;2: 表示出 ,out',
  `TRANS_TYPE` varchar(28) NOT NULL DEFAULT '' COMMENT '冗余以下字段 trans_main.TRANS_TYPE, 为了加快计算速度\n            ',
  `EFFECTIVE_TIME` datetime DEFAULT NULL COMMENT '冗余以下字段 trans_main.effetive_time, 为了加快计算速度',
  `STATUS` tinyint(4) NOT NULL DEFAULT '1' COMMENT '-1 : to be archived\n            0:  表示无效. \n            1:表示有效 \n            ',
  `CRT_TIME` datetime NOT NULL,
  `CREATOR` varchar(40) NOT NULL DEFAULT '',
  `MOD_TIME` datetime DEFAULT NULL,
  `MODIFIER` varchar(40) DEFAULT '',
  `COMMENT` varchar(255) DEFAULT '',
  PRIMARY KEY (`ID`),
  KEY `TRANS_DET_STOCK_BATCH_IDX` (`TRANS_OBJ_ID`,`BATCH_NO`)
) ENGINE=InnoDB DEFAULT CHARSET=utf8 COMMENT='交易业务数据_详细(Detail) (相当于原始凭证录入) : 存货批次相关';

-- ----------------------------
-- Records of trans_detail
-- ----------------------------

-- ----------------------------
-- Table structure for trans_type
-- ----------------------------
DROP TABLE IF EXISTS `trans_type`;
CREATE TABLE `trans_type` (
  `ID` varchar(28) NOT NULL DEFAULT '',
  `ENTITY_ID` varchar(8) DEFAULT '' COMMENT '主体ID',
  `TRANS_TYPE` varchar(40) NOT NULL COMMENT '交易类型编码',
  `TRANS_NAME` varchar(40) NOT NULL COMMENT '交易类型名称',
  `TRANS_FNAME` varchar(60) NOT NULL,
  `BIG_TYPE` varchar(40) NOT NULL COMMENT '大类Code: 对象类，对象关系类, 交易类',
  `BIG_TYPE_CN` varchar(40) NOT NULL COMMENT '大类:中文名字 对象类，对象关系类, 交易类',
  `SMALL_TYPE` varchar(40) NOT NULL COMMENT '小类Code : 存货类(Under 经营类)',
  `SMALL_TYPE_CN` varchar(40) NOT NULL COMMENT '小类名字 : 存货类(Under 经营类)',
  `IS_EFFECTIVE` tinyint(4) DEFAULT '1' COMMENT '是否生效',
  `STATUS` tinyint(4) DEFAULT '1' COMMENT '-1 : to be archived\n            0:  表示无效. \n            1:表示有效 \n            ',
  `CRT_TIME` datetime DEFAULT NULL,
  `CREATOR` varchar(40) DEFAULT '',
  `MOD_TIME` datetime DEFAULT NULL,
  `MODIFIER` varchar(40) DEFAULT '',
  `COMMENT` varchar(255) DEFAULT '',
  PRIMARY KEY (`ID`),
  KEY `AK_TRANS_TYPE_TYPE` (`ENTITY_ID`,`TRANS_TYPE`)
) ENGINE=InnoDB DEFAULT CHARSET=utf8 COMMENT='交易类型编码';

-- ----------------------------
-- Records of trans_type
-- ----------------------------
INSERT INTO `trans_type` VALUES ('cgdd', '6766', 'cgdd', '采购订单', '采购订单', '交易类', 'trans', '经营类', 'sale', '1', '1', '2018-10-22 16:33:17', 'preshine', null, null, null);
INSERT INTO `trans_type` VALUES ('cgrk', '6766', 'cgrk', '采购入库', '采购入库', '交易类', 'trans', '经营类', 'sale', '1', '1', '2018-10-22 16:33:39', 'preshine', null, null, null);
INSERT INTO `trans_type` VALUES ('cgth', '6766', 'cgth', '采购退货', '采购退货', '交易类', 'trans', '经营类', 'sale', '1', '1', '2018-10-22 16:34:05', 'preshine', null, null, null);
INSERT INTO `trans_type` VALUES ('nbjgdd', '6766', 'nbjgdd', '内部加工订单', '内部加工订单', '交易类', 'trans', '经营类', 'sale', '1', '1', '2018-10-22 16:09:58', 'preshine', null, null, null);
INSERT INTO `trans_type` VALUES ('nbjgll', '6766', 'nbjgll', '内部加工领料', '内部加工领料', '交易类', 'trans', '经营类', 'sale', '1', '1', '2018-10-22 16:10:27', 'preshine', null, null, null);
INSERT INTO `trans_type` VALUES ('nbjgtl', '6766', 'nbjgtl', '内部加工退料', '内部加工退料', '交易类', 'trans', '经营类', 'sale', '1', '1', '2018-10-22 16:10:42', 'preshine', null, null, null);
INSERT INTO `trans_type` VALUES ('nbjgwgrk', '6766', 'nbjgwgrk', '内部加工完工入库', '内部加工完工入库', '交易类', 'trans', '经营类', 'sale', '1', '1', '2018-10-22 16:32:02', 'preshine', null, null, null);
INSERT INTO `trans_type` VALUES ('scjh', '6766', 'scjh', '生产计划', '生产计划', '交易类', 'trans', '经营类', 'sale', '1', '1', '2018-10-22 16:07:18', 'preshine', null, null, null);
INSERT INTO `trans_type` VALUES ('xsck', '6766', 'xsck', '销售出库', '销售出库', '交易类', 'trans', '经营类', 'sale', '1', '1', '2018-10-22 16:04:06', 'preshine', null, null, null);
INSERT INTO `trans_type` VALUES ('xsdd', '6766', 'xsdd', '销售订单', '销售订单', '交易类', 'trans', '经营类', 'sale', '1', '1', '2018-10-22 16:03:25', 'preshine', null, null, null);
INSERT INTO `trans_type` VALUES ('xsth', '6766', 'xsth', '销售退货', '销售退货', '交易类', 'trans', '经营类', 'sale', '1', '1', '2018-10-22 16:04:50', 'preshine', null, null, null);
